Row,L_bankssts_grayavg,L_caudalanteriorcingulate_grayavg,L_caudalmiddlefrontal_grayavg,L_cuneus_grayavg,L_entoRinal_grayavg,L_frontalpole_grayavg,L_fusiform_grayavg,L_inferiorparietal_grayavg,L_inferiortemporal_grayavg,L_insula_grayavg,L_isthmuscingulate_grayavg,L_lateraloccipital_grayavg,L_lateralorbitofrontal_grayavg,L_lingual_grayavg,L_medialorbitofrontal_grayavg,L_middletemporal_grayavg,L_paracentral_grayavg,L_parahippocampal_grayavg,L_parsopercularis_grayavg,L_parsorbitalis_grayavg,L_parstriangularis_grayavg,L_pericalcarine_grayavg,L_postcentral_grayavg,L_posteriorcingulate_grayavg,L_precentral_grayavg,L_precuneus_grayavg,L_rostralanteriorcingulate_grayavg,L_rostralmiddlefrontal_grayavg,L_superiorfrontal_grayavg,L_superiorparietal_grayavg,L_superiortemporal_grayavg,L_supramarginal_grayavg,L_temporalpole_grayavg,L_transversetemporal_grayavg,R_bankssts_grayavg,R_caudalanteriorcingulate_grayavg,R_caudalmiddlefrontal_grayavg,R_cuneus_grayavg,R_entoRinal_grayavg,R_frontalpole_grayavg,R_fusiform_grayavg,R_inferiorparietal_grayavg,R_inferiortemporal_grayavg,R_insula_grayavg,R_isthmuscingulate_grayavg,R_lateraloccipital_grayavg,R_lateralorbitofrontal_grayavg,R_lingual_grayavg,R_medialorbitofrontal_grayavg,R_middletemporal_grayavg,R_paracentral_grayavg,R_parahippocampal_grayavg,R_parsopercularis_grayavg,R_parsorbitalis_grayavg,R_parstriangularis_grayavg,R_pericalcarine_grayavg,R_postcentral_grayavg,R_posteriorcingulate_grayavg,R_precentral_grayavg,R_precuneus_grayavg,R_rostralanteriorcingulate_grayavg,R_rostralmiddlefrontal_grayavg,R_superiorfrontal_grayavg,R_superiorparietal_grayavg,R_superiortemporal_grayavg,R_supramarginal_grayavg,R_temporalpole_grayavg,R_transversetemporal_grayavg
L_bankssts_grayavg,NaN,-0.281551496920317,-0.235582295810429,-0.041663486180035,-0.20161990001044,-0.00167019928295604,-0.141274011466759,-0.18184234978703,-0.100526347649287,-0.00358958332792477,-0.00583338551512847,-0.115213228283101,-0.11290623550645,0.095874417720344,-0.150390148939426,-0.117268327073302,-0.0964366117976099,-0.102695650309454,-0.168757047975669,-0.142535894489712,-0.232692093750139,0.0958462701807355,-0.00681685476427612,-0.12654827052661,-0.222953137849043,-0.224047481807244,-0.295248359834686,-0.15262787244878,-0.168700466025537,-0.066084495861355,-0.287845090877143,-0.278151739609178,-0.0665257031716339,-0.25271346241784,0.0428836935465898,-0.29410481364106,-0.278350020258202,-0.0204207826066834,-0.231494420023639,-0.0637340503663328,-0.200664169589726,-0.148900879659676,-0.0825535600262753,-0.032483640870006,-0.0832387030822499,-0.134763575354244,-0.0544615818764761,-0.0181270142296205,-0.142863544490509,-0.0875736220880532,-0.086289240384469,-0.134249784244344,-0.0151858685107846,-0.0733908564434578,-0.139211921064706,0.13184553338098,-0.01707199898279,-0.239843630928221,-0.253810085395252,-0.157829103565646,-0.243500206551475,-0.14939356200791,-0.201060517187023,-0.0761641076202393,-0.190168421360011,-0.220144510839772,-0.0522823121343527,-0.111350793990988
L_caudalanteriorcingulate_grayavg,-0.281551496920317,NaN,-0.331083550251424,-0.127312881691107,-0.303429086961786,-0.03059782327228,-0.328004152369611,-0.325712636519395,-0.235531611782441,-0.131274627175248,-0.00127993393227528,-0.242952136564178,-0.196723040397726,-0.0777799004324977,-0.13230746729221,-0.198588119317611,-0.2920719601056,-0.21427432536907,-0.250062309263662,-0.196166948516974,-0.258960934642601,0.0385332930185088,-0.0986768639880605,0.069814730189683,-0.398480927859622,-0.320794034985046,-0.163116523508439,-0.271777833018574,-0.316532170638042,-0.136570998390595,-0.342478887599519,-0.322720807943508,-0.0376649309717269,-0.420760273430249,-0.355988071092602,-0.0370178974889754,-0.280477852219467,-0.128608519705605,-0.315292492151944,-0.0658678892447125,-0.243953240084743,-0.295388509124072,-0.197239052066594,-0.0613304958374394,-0.0886275032242374,-0.216545635868463,-0.133274718982409,-0.126041684389553,-0.209741616833514,-0.142476578207272,-0.152111970516128,-0.160388816512534,-0.206300854107096,-0.140221580221312,-0.209099351970406,0.0831471465393433,-0.0714246694864973,-0.150374198240019,-0.401526621244379,-0.20059802042608,-0.0413148252967877,-0.280412378366472,-0.308363826425767,-0.110483585765459,-0.237840496169661,-0.182006496530637,-0.0200222861102169,-0.16240268248211
L_caudalmiddlefrontal_grayavg,-0.235582295810429,-0.331083550251424,NaN,0.135442039602443,-0.158973691003814,0.118960271654611,-0.219491435671,-0.0695079240863472,-0.133552417700462,-0.155969821020946,0.130837369869787,0.0110875709196814,-0.0656164880315078,0.229693167560421,-0.114276107641442,-0.15691866264248,0.0715361032076349,-0.100906200183028,-0.000412402549458726,-0.0407854674048695,-0.170792339163292,0.280350835499308,0.219909708967671,-0.102508906960977,0.0420730412722082,0.0760100655539893,-0.394529839470163,-0.0233649557479595,0.00972654620794963,0.178496730198774,-0.156321892442915,-0.0748360347562685,-0.0430324220064953,-0.175243870803594,-0.0902593720039334,-0.202180403123289,-0.179941256503708,0.156318843275193,-0.155440777919576,0.060273729532912,-0.233410163513571,0.0181430200781178,-0.10290494189597,-0.118818961585776,0.0231416119381808,-0.00247965657590169,-0.0610988936629834,0.114421227081334,-0.106116925419204,-0.178172897726967,-0.0117652079257435,-0.0603709439800981,-0.075009430329983,0.103927270310268,-0.055306830588986,0.311964864290174,0.229462196682219,-0.2902398873876,-0.0546174925925131,0.0282467518018334,-0.319338377553659,0.0680108439110397,-0.0609142941969352,0.113072917674686,-0.0699876548907922,-0.0328190155746522,-0.0245547352635267,0.0497340657344544
L_cuneus_grayavg,-0.041663486180035,-0.127312881691107,0.135442039602443,NaN,-0.0543997959629008,-0.134626684774097,-0.113144692408164,0.0986473530693179,-0.0382237201506185,-0.276460128995294,-0.0103087975214569,-0.0745944126038185,-0.0773505923521979,-0.0828096541845365,-0.112111066146465,-0.0592716319135312,-0.0309215945980302,-0.0591367193061584,0.11999428468389,0.0517970005956905,0.034099915784115,0.135057984977437,0.0261603388491411,-0.114087232975038,0.100805446600963,0.226431365046223,-0.2452835384249,0.0255881653677549,0.0520374057040867,0.026218594236847,0.0437059632104255,0.0917039799533427,-0.0463062636653667,0.0618507581307471,0.00365980352730055,0.0391899653376629,0.0528455482239337,-0.135027765100847,0.00214530937052769,-0.0684553644185623,-0.192786816873544,0.0797440447639183,-0.0112135386804971,-0.0238089263145523,-0.0837105124453267,-0.124032331070983,-0.113284272752688,-0.132273822950755,-0.120333433484551,0.00797231124233961,0.0429988313213617,-0.0662822028032798,0.075239279592244,0.0617223731269676,-0.0023331815302352,0.163767367125823,0.0367830916372805,-0.205026710095881,0.104234600323731,0.0762250894060685,-0.138909544677382,0.0331244041056879,0.100783486918403,-0.00136691324883381,0.000877416123645609,0.182843190388884,0.00862535154359318,-0.0156563622081607
L_entoRinal_grayavg,-0.20161990001044,-0.303429086961786,-0.158973691003814,-0.0543997959629008,NaN,0.055573310060734,-0.155372040058566,-0.116089431865571,-0.197449630784452,-0.267767430540921,-0.135826530042418,-0.0845361768308569,-0.105642047295163,-0.0326917567858501,-0.0298639721182986,-0.154237910190989,-0.0957218094652962,-0.0846002062872121,-0.178619417641484,-0.0485186539741496,-0.0929151705269182,-0.0735363758902282,-0.0672665757529019,-0.275507605577613,-0.188351103037735,-0.151421754699278,-0.206749171611492,-0.0942693645089432,-0.197346238447352,-0.0219577518030875,-0.11452435642212,-0.163424493151343,0.13621556428715,-0.306892366955523,-0.243704742016558,-0.26714975782408,-0.241043452492874,0.0519873867116435,-0.0372295425086481,0.091082703822806,-0.126819642802485,-0.117326349998189,-0.129784446586134,-0.192914913093057,-0.123530014654192,-0.0455025380928646,-0.119053126876386,-0.0526361532766128,-0.0160781192223384,-0.181480433389111,-0.101714640080198,-0.16330036706577,-0.122596042843028,-0.0318892631054224,-0.060177454228709,-0.0410032352671686,-0.0602640969947959,-0.347894153705683,-0.134414922557297,-0.113061309220193,-0.231059206485937,-0.115735606491553,-0.153963149794493,-0.0657689054678803,-0.175635392023097,-0.125868747291847,0.16935331429275,-0.193964037725529
L_frontalpole_grayavg,-0.00167019928295604,-0.03059782327228,0.118960271654611,-0.134626684774097,0.055573310060734,NaN,0.00600011541066608,0.0686917520909901,-0.08174729382704,-0.178749174049073,0.109594903046681,0.00177782639092868,0.0514174889983472,0.0267730727486036,0.0741625605124903,-0.0176372094119003,0.1535752063107,-0.0181497194723739,0.0203811923548495,0.0452067914732715,0.101442333270084,0.0952930598949276,-0.0435684124148523,-0.0243022164393596,0.170962168681184,0.0812202494197317,0.0122719190804132,0.0964962640815221,0.150685577055508,0.0359021567443846,0.167491669899115,0.125236600443085,0.0138282724875449,-0.169545688417367,0.0216398150061779,0.0397867747982876,-0.0129637772781421,-0.0816692684789253,-0.06787000890436,-0.0497654789262278,-0.0820570169487285,0.0938655265698758,0.0606050396901937,-0.00633507276893366,0.141067792583167,-0.0128508569813085,0.0149568766618365,0.0828161183907252,0.225711884131729,-0.0100711561624323,0.211534852286221,0.0288713991405585,0.114470143777228,0.0996335593672163,0.113499112838623,0.082101674747894,-0.0211261626491379,-0.115432051660683,0.0859202643939115,0.166197439900113,-0.0736294391982488,0.107936894336772,0.0890672740190523,-0.0580833746624732,0.077513194002633,0.119917043223941,0.0227609181654428,-0.0884106117891525
L_fusiform_grayavg,-0.141274011466759,-0.328004152369611,-0.219491435671,-0.113144692408164,-0.155372040058566,0.00600011541066608,NaN,-0.217417689597824,0.0345145068063458,-0.0971067611040657,0.0628028596603282,-0.103043721083086,-0.0521896032642532,0.0145612235350058,-0.180548121498835,-0.0146354469576817,-0.113140613908316,-0.0999752976035683,-0.249529143154067,-0.101199905368268,-0.280509460543967,0.00839312484822133,-0.13400224779279,-0.0897348943738624,-0.31701812708386,-0.299703130805748,-0.254362206730645,-0.147175982290161,-0.172597220119886,-0.106284935945751,-0.308276207814777,-0.355755279887157,-0.0294436755455573,-0.439572991898982,-0.222429080302349,-0.197457781186654,-0.306226942696516,-0.0253984055262952,-0.22013848099826,-0.0434017425370621,-0.111885335971723,-0.219709460247865,0.0151391097608248,-0.13352236233664,-0.0332398196498467,-0.0819059281606027,0.190913263814592,-0.077488365277866,-0.00818013408683178,0.0137361192042905,-0.0964989717705918,-0.0664085156744954,-0.207765251261926,-0.0370320751344378,-0.207951787071049,0.0747437395758333,-0.110958210235922,-0.307625270210238,-0.329434224737667,-0.234443855496723,-0.126556708392472,-0.153348699471942,-0.0753371929337658,-0.130425937130769,-0.171654127672862,-0.250251792473878,-0.0127002487862442,-0.181324944681836
L_inferiorparietal_grayavg,-0.18184234978703,-0.325712636519395,-0.0695079240863472,0.0986473530693179,-0.116089431865571,0.0686917520909901,-0.217417689597824,NaN,-0.2131958286866,-0.112025299721609,0.10749139520795,0.0309309263474017,0.00408690213198147,0.211471739611608,-0.12412200550429,-0.259192892939846,0.106291633142921,0.00687678864490023,-0.0224766717212855,-0.158007688693773,-0.248702647088547,0.175045536160076,0.152680577271583,-0.134687746906529,-0.198126009806563,-0.266420581495016,-0.348740516859276,-0.111258128509081,-0.0448303518485426,-0.0262950869224127,-0.168578909871965,-0.162621835130856,-0.0071593944008224,-0.218077029597192,-0.124720929671745,-0.142429295469777,-0.322172549432008,0.162975397913183,-0.130599554254591,-0.0634118626527567,-0.205154498923275,-0.196629962728819,-0.0639940983031914,-0.0448162891855621,-0.013064024205239,0.0165058788041111,-0.0326256880977988,0.134855026493264,-0.0652012984123519,-0.166378436185114,-0.0297518646411166,-0.0432643619458439,-0.0997430558594087,0.0579746856824169,-0.163834715819656,0.277008684695558,0.142679730791427,-0.334505283309867,-0.192211377585992,-0.17112868089777,-0.274296616151936,-0.10503980111248,-0.0803013774988561,-0.00363380547944527,-0.0749860233321984,-0.111356236230624,0.0255856259154615,-0.0356023458736456
L_inferiortemporal_grayavg,-0.100526347649287,-0.235531611782441,-0.133552417700462,-0.0382237201506185,-0.197449630784452,-0.08174729382704,0.0345145068063458,-0.2131958286866,NaN,-0.186196418523374,-0.0258506856904447,-0.114214232840708,0.0499239563371768,0.0781020650716907,-0.063288940298339,-0.17161276663392,-0.0579679589219149,0.0594081542427914,-0.144593323123787,-0.175218528983197,-0.229536843097226,0.0417322622961794,-0.0701769939327292,-0.171167124085057,-0.263889889657918,-0.18218277651092,-0.247452158720983,-0.115359371915424,-0.207163916105956,-0.0323769234099877,-0.177475232237949,-0.339298645467711,-0.0827727015592163,-0.345478164504667,-0.183967825972182,-0.286772719593137,-0.280866652250837,0.0608764906849719,-0.254747187683646,-0.121347475134187,-0.0498020183948812,-0.184719071008553,-0.0958124835969134,-0.0979951752247288,-0.0902734227295522,-0.0293699686693139,0.0918126593830539,-0.00109662697920289,-0.005306038758551,-0.192963070195516,-0.0196990101222702,0.135581113395301,-0.129734891226789,-0.081800575660147,-0.112662452436319,0.106917195796488,-0.0533466375584023,-0.434572100409392,-0.176505976223462,-0.107992536950558,-0.197846169675615,-0.161008662018604,-0.114070188455949,-0.0447864991619437,-0.242358878945099,-0.234778286536347,-0.0962866181023129,-0.176937563069432
L_insula_grayavg,-0.00358958332792477,-0.131274627175248,-0.155969821020946,-0.276460128995294,-0.267767430540921,-0.178749174049073,-0.0971067611040657,-0.112025299721609,-0.186196418523374,NaN,-0.31227979116802,-0.257694200879512,-0.173870706399526,-0.181160166949906,-0.238505642730693,-0.14709543814683,-0.129456850714212,-0.194064812473808,-0.219474942600731,-0.208487782675749,-0.255321787966524,-0.174056776089431,-0.272187754327751,-0.141258998916198,-0.236222220097933,-0.208329169063386,-0.234860817152,-0.0967903211558388,-0.169941326924631,-0.111919127037116,-0.216983313867153,-0.210025928819278,-0.20483342048614,-0.411061186691584,-0.0601458836584508,-0.356934303520383,-0.142145859174098,-0.262862571646005,-0.307862517924995,-0.173177570861373,-0.111603512942541,-0.067955253865122,-0.205292557551284,-0.175072485439125,-0.379216529689149,-0.169469186937359,-0.221410940340533,-0.244281476409032,-0.239345452487364,-0.143792670283734,-0.0281620066474954,-0.155898303016831,-0.24429462274843,-0.196777576912346,-0.168125694276116,-0.169169302038524,-0.211302121680588,-0.135058427898827,-0.166699767787316,-0.234526562224319,-0.0561548568713751,-0.101920107985857,-0.1715920650669,-0.100022663359028,-0.226671301962984,-0.212183532044953,-0.0842395926049129,-0.244502921760273
L_isthmuscingulate_grayavg,-0.00583338551512847,-0.00127993393227528,0.130837369869787,-0.0103087975214569,-0.135826530042418,0.109594903046681,0.0628028596603282,0.10749139520795,-0.0258506856904447,-0.31227979116802,NaN,-0.035026197519942,0.0047473781354791,0.0391511590007861,0.184279122609617,0.0445436569694736,-0.0401980497479301,-0.0404370756236112,-0.001652784908524,0.141550435532353,0.0751867570534993,-0.0403389370064235,-0.061185668442045,-0.252726254322805,0.0655099416416513,0.127662731406896,-0.29679113557,0.116704630237418,0.113216241778825,0.0818708674594027,0.0181643550118672,0.0755129816086138,-0.042542798895307,-0.134666243054748,-0.051342082645299,0.0612584466907313,0.00561082546406761,0.0341153979107922,-0.147580460710259,0.0643947000156282,-0.000837323436533677,0.0257003247321878,0.10277883269234,-0.0928261018016721,-0.050232369089026,0.0508887755640957,0.0238262164055424,-0.0451140980123595,-0.0175440151020513,0.108538157340833,0.134530279406652,-0.00752849880340157,0.0892426655521076,0.109302137075382,0.0842503838320918,-0.011685257341548,-0.028943087716186,-0.210098323955992,0.0432438968999207,0.111218072409421,-0.0244859773184059,0.0991276045817435,0.110126475393512,0.0346270332127517,-0.0200910678887711,0.149392898719851,0.0134558062760435,-0.0634034092594965
L_lateraloccipital_grayavg,-0.115213228283101,-0.242952136564178,0.0110875709196814,-0.0745944126038185,-0.0845361768308569,0.00177782639092868,-0.103043721083086,0.0309309263474017,-0.114214232840708,-0.257694200879512,-0.035026197519942,NaN,-0.0133238891976446,0.102253077827871,-0.160423441988544,-0.112088009691182,-0.0157830535642335,0.001860123256077,0.087534450865874,-0.0646608317322925,-0.132056763115207,0.165248604152607,0.0652921102592666,-0.211863504365666,0.0518182040383536,0.105123544427229,-0.351133877199773,-0.0753899282195488,0.0743539790255008,-0.0945095670892208,-0.00177329782619629,0.041371297062732,-0.0345530682894257,-0.0953544928419316,-0.0646011549865091,-0.048567337350436,-0.0844041264653166,0.113597540128357,-0.0221777044722219,-0.053186521859113,-0.158657584697258,-0.0521982150995547,0.0533565278703283,-0.107571570181978,-0.0902800885822857,-0.0821103786097083,-0.0683971743720633,-0.0279118567943051,-0.175656299444364,-0.0398855548662164,-0.0215280233801508,-0.0225335285760117,-0.0117585520276722,0.0787430117202995,-0.114028486276047,0.193675921122491,0.0856076391975295,-0.371033158617459,0.0229067919207661,-0.0349591952783561,-0.247586730127866,-0.0533052734684656,0.0870062300528183,-0.0217443497037058,-0.0449900200374065,0.0848225388391431,-0.0062914789316316,-0.0815114018347218
L_lateralorbitofrontal_grayavg,-0.11290623550645,-0.196723040397726,-0.0656164880315078,-0.0773505923521979,-0.105642047295163,0.0514174889983472,-0.0521896032642532,0.00408690213198147,0.0499239563371768,-0.173870706399526,0.0047473781354791,-0.0133238891976446,NaN,0.0702031943586117,-0.025147040905874,0.0894873587356455,-0.0406792553189128,0.0263524366149528,-0.026457203589705,0.161040420509746,-0.0596210167812102,0.0926999631496353,-0.024997787509663,-0.106730570467056,-0.157906303714578,0.00256381925856244,-0.283275152737319,0.0318489931742736,-0.0244067561977191,0.0872968032827381,-0.0657314788199464,-0.108433826685796,0.0250060827605398,-0.463166453738926,-0.203345570291176,-0.229270400869756,-0.124970641917519,0.0269077235306627,-0.138152102268762,0.0288487163283543,-0.180571742746137,0.0869339548091567,0.043495986649032,-0.0855564441313135,-0.0811165248216769,0.0616713938033695,-0.0593837031505534,0.0270429580405802,0.0621674308209136,0.0897049582038758,0.0949832619264629,0.0144382301334164,0.0514519377486341,0.140674389789545,0.0234575693865073,0.0950464855645364,0.0140368063747452,-0.28890021544041,-0.131762121799214,0.0325585643356434,-0.215176772128043,0.0606889725998784,0.0339230003429214,0.0257607891138458,-0.0842157645389232,-0.0232326782175205,0.0823710512552645,-0.246194033940158
L_lingual_grayavg,0.095874417720344,-0.0777799004324977,0.229693167560421,-0.0828096541845365,-0.0326917567858501,0.0267730727486036,0.0145612235350058,0.211471739611608,0.0781020650716907,-0.181160166949906,0.0391511590007861,0.102253077827871,0.0702031943586117,NaN,-0.0359664463788124,0.108740867424339,0.0285844767878547,-0.0393246323915008,0.340951745787941,0.196739989323884,0.144753922255021,-0.0126798049505714,-0.053918224449758,0.0473759552693644,0.140429825634411,0.274118661836469,-0.225389033394129,0.130783788501717,0.183841301518126,0.159326076284883,0.146627738280656,0.240644105794111,0.093571702373979,0.124505941831542,0.0453216898397362,0.0727209400994093,0.126792828475722,0.033579307653924,0.0349192554162768,0.0573298145885694,0.0107224731997906,0.184240978676541,0.136045677596213,0.0414353106922236,-0.02958266014788,0.0535223199519336,0.0438994833049967,-0.115609542273883,-0.101208090852237,0.224356500244014,0.125068882283066,-0.0313326159611209,0.156413206099604,0.261407183237975,0.129250296545949,0.154625921917251,0.0123513993850257,-0.100226620926728,0.142426588781885,0.186129944577521,-0.0687660339639513,0.148887272893068,0.254018046496677,0.129748868657471,0.104665049495048,0.269800593196281,0.111153178955752,0.0491904575256993
L_medialorbitofrontal_grayavg,-0.150390148939426,-0.13230746729221,-0.114276107641442,-0.112111066146465,-0.0298639721182986,0.0741625605124903,-0.180548121498835,-0.12412200550429,-0.063288940298339,-0.238505642730693,0.184279122609617,-0.160423441988544,-0.025147040905874,-0.0359664463788124,NaN,-0.122095494415399,-0.0844974823012772,-0.0871714975208944,-0.0945228288169887,0.145191627234911,-0.111385179501237,0.0434739005946887,-0.000698020000234009,-0.159924594821809,-0.0459471088752325,-0.039769914321641,-0.177259885075407,-0.119154065513321,0.00237402951333882,0.00168644459495729,-0.0713701778160371,-0.0669832059568172,0.0492365203435215,-0.224653261383817,-0.18470673033038,-0.102094455738949,-0.152257048885982,-0.00662039410192321,-0.0822099820558863,0.14858312641841,-0.289120973540187,-0.200749922560454,0.0696039961768199,-0.0320239084146932,0.0865175511567836,-0.165344019293655,-0.138069113341626,-0.12101030637038,0.00414408092577257,-0.042149835083837,0.0182003496618144,-0.0397670679949547,-0.0597373837343819,0.113439267602118,-0.0221216133964348,0.0709634237751676,0.0098541469924979,-0.32271518627497,-0.104989292780441,-0.0758767185033629,-0.191068962701378,-0.155629497899582,-0.0274115680981257,-0.0884349228457951,-0.0860212711719311,-0.0354720524597155,0.140047307703666,-0.126425884748533
L_middletemporal_grayavg,-0.117268327073302,-0.198588119317611,-0.15691866264248,-0.0592716319135312,-0.154237910190989,-0.0176372094119003,-0.0146354469576817,-0.259192892939846,-0.17161276663392,-0.14709543814683,0.0445436569694736,-0.112088009691182,0.0894873587356455,0.108740867424339,-0.122095494415399,NaN,-0.0525077311637809,0.0201622674813072,-0.189138771747017,-0.186612760511468,-0.240759532179888,0.0956358346220558,-0.0586990361946921,-0.105607297013306,-0.277876108177438,-0.249257187545126,-0.202867197832849,-0.128183881921118,-0.279627968500546,-0.0266083899320687,-0.355261707349702,-0.353710710759492,-0.0813089792568457,-0.349477862834762,-0.0650027322396433,-0.131699886418435,-0.249473255556563,0.0587996031243321,-0.277914564408526,-0.0527982679357748,-0.0661100753032435,-0.272680907321517,-0.0746330539737631,-0.07014621047742,0.0360848585805423,-0.0511714214764374,0.152347761428166,0.0364639103699653,-0.080208435520574,-0.0952431228165605,0.0400168963441876,0.171474757386431,-0.0976660125192969,-0.0649885397751534,-0.0310295136616745,0.150535178713711,-0.0188732606898628,-0.278408946066195,-0.208341445445364,-0.131948052094652,-0.227857812790003,-0.195875986593639,-0.171517963735506,-0.0835906660002441,-0.197876022012511,-0.31452305158895,-0.0755719517576741,-0.103298472788016
L_paracentral_grayavg,-0.0964366117976099,-0.2920719601056,0.0715361032076349,-0.0309215945980302,-0.0957218094652962,0.1535752063107,-0.113140613908316,0.106291633142921,-0.0579679589219149,-0.129456850714212,-0.0401980497479301,-0.0157830535642335,-0.0406792553189128,0.0285844767878547,-0.0844974823012772,-0.0525077311637809,NaN,-0.154901485299156,0.146494693569093,0.189250833796505,0.0522586625255327,0.0173729379201459,0.0641755596585888,-0.203148513950206,0.229961381474982,0.0735502265898129,-0.379738161096568,-0.0297876961426311,0.210395377908581,0.124233537421595,0.0774907566635101,0.134613181293914,0.100549248577664,-0.151950597816609,-0.0609110330066598,-0.186272343010292,0.0326495545136167,0.00077911458818748,-0.11502992616784,0.246664089462465,-0.137424883840508,0.059240587465911,0.0394222256975356,-0.042061631234613,-0.184504178652442,-0.0350627144768968,-0.0352912731609981,0.00576583545808969,-0.029090993153161,0.00751174669526701,-0.125209342734282,-0.172453001658453,0.104134591028389,0.178733247976558,0.099927922210175,0.120969906496054,0.0905500355625699,-0.337651467612006,0.148652638276932,0.0894198068549458,-0.249850026886827,0.0924782256954951,0.127973968121699,0.0409342087816807,0.0675381816156283,0.163560699621309,0.11216042758606,-0.0146120638651298
L_parahippocampal_grayavg,-0.102695650309454,-0.21427432536907,-0.100906200183028,-0.0591367193061584,-0.0846002062872121,-0.0181497194723739,-0.0999752976035683,0.00687678864490023,0.0594081542427914,-0.194064812473808,-0.0404370756236112,0.001860123256077,0.0263524366149528,-0.0393246323915008,-0.0871714975208944,0.0201622674813072,-0.154901485299156,NaN,-0.107391658198169,0.0245784396445498,-0.0338606893828964,-0.0241653951908288,-0.0136671293076472,-0.18344256885058,-0.141622656454375,-0.115437274985628,-0.221655667021397,-0.0154596381342953,-0.057530701453448,0.0561614019163199,-0.194917256287091,-0.0813213058927368,-0.106077204575625,-0.262229206658394,-0.101973649032483,-0.154909007983176,-0.119019740332518,0.0265720019528017,-0.187540238189013,-0.0544973572482411,-0.164838562120811,-0.0602555340463185,-0.0158027399537043,-0.112211915158766,-0.0589029860694154,-0.015993582474071,0.0842743216633582,-0.0437806488272382,-0.046838892415884,0.063572552310841,-0.0390494859081421,-0.0122958086436178,-0.0789654777684084,-0.0912026228558297,0.0428452745964312,0.0673528316918338,0.000149873430102057,-0.346870892261717,-0.123387973353049,-0.051777134626437,-0.206912729365615,0.0448377241087104,-0.0395396038957192,-0.0302232876110882,-0.108756474773403,-0.0572695913069506,-0.0233852377538803,-0.132165928659553
L_parsopercularis_grayavg,-0.168757047975669,-0.250062309263662,-0.000412402549458726,0.11999428468389,-0.178619417641484,0.0203811923548495,-0.249529143154067,-0.0224766717212855,-0.144593323123787,-0.219474942600731,-0.001652784908524,0.087534450865874,-0.026457203589705,0.340951745787941,-0.0945228288169887,-0.189138771747017,0.146494693569093,-0.107391658198169,NaN,-0.201663141258332,-0.0566286774175931,0.23140587471364,0.155647000112143,-0.0653893185010679,0.00149445739071639,-0.0498573678086476,-0.403329523484322,0.086172295802941,-0.213218917823207,0.165610775029332,-0.16951326124608,-0.110833744463323,-0.122888456778215,-0.278396450610332,-0.0900386071529423,-0.271853357885978,-0.0832479589576323,0.197666071385747,-0.208068353441209,-0.0430564988130421,-0.181536370718617,0.0951824266325382,-0.0680021715632166,-0.185563577574517,-0.00366251459184508,0.124463232516573,-0.0209995781010143,0.268670216449767,0.0235761639833553,-0.246142376321506,0.167725828314397,-0.0260779396938047,-0.0747720185563904,-0.0797868697584089,-0.00537595070415153,0.272646993063093,0.200769031639392,-0.276903181542469,-0.0146059612406447,0.108688952837665,-0.274708021659379,0.166556881579786,-0.225824904194422,0.0978344127614776,-0.190919945472785,-0.084710187520817,-0.130022013098415,0.0518858995870039
L_parsorbitalis_grayavg,-0.142535894489712,-0.196166948516974,-0.0407854674048695,0.0517970005956905,-0.0485186539741496,0.0452067914732715,-0.101199905368268,-0.158007688693773,-0.175218528983197,-0.208487782675749,0.141550435532353,-0.0646608317322925,0.161040420509746,0.196739989323884,0.145191627234911,-0.186612760511468,0.189250833796505,0.0245784396445498,-0.201663141258332,NaN,-0.0474698505654103,0.15850621848675,0.0505925221218823,-0.169548294964683,-0.136872183954779,-0.0707095110377892,-0.158257836106905,-0.0291658262981103,-0.0365040786374769,-0.0462784243978185,-0.0566280763928024,-0.196533695977772,-0.0194043337833193,-0.167784150511814,-0.0466224860604341,-0.138070042585053,-0.239616708859849,0.174844899603163,-0.162147048862379,-0.0169181570193108,-0.204148978434926,-0.217500567777293,0.0668355436132844,-0.0413502403075966,0.106980034482629,0.011290412150658,0.0469776177058008,0.169262663637942,0.168691646375878,-0.209039082436134,0.0949981334071734,0.0162892538156071,0.0131050998212153,-0.0158207203916682,-0.0481426224790376,0.164815720508236,0.027205671850949,-0.306311950509343,-0.0906527257369724,-0.0301084274224586,-0.164586498737017,-0.144886885482936,-0.125767064045961,-0.12943280335867,-0.0897710755481064,-0.171283090840638,-0.00388919348370481,0.014897541424828
L_parstriangularis_grayavg,-0.232692093750139,-0.258960934642601,-0.170792339163292,0.034099915784115,-0.0929151705269182,0.101442333270084,-0.280509460543967,-0.248702647088547,-0.229536843097226,-0.255321787966524,0.0751867570534993,-0.132056763115207,-0.0596210167812102,0.144753922255021,-0.111385179501237,-0.240759532179888,0.0522586625255327,-0.0338606893828964,-0.0566286774175931,-0.0474698505654103,NaN,0.190582936880585,0.0207654915605611,-0.169988075397652,-0.155957554691606,-0.226288237460182,-0.316025163098839,-0.107831240740793,-0.0655054722943571,-0.0968560932104012,-0.130615708189913,-0.28229025229121,0.00381094723856843,-0.256503733564769,-0.118741480478631,-0.198376547282973,-0.309031500800215,0.0871400391664935,-0.141584614864345,0.0554195064085124,-0.325240237901273,-0.248681719890619,-0.081905145565277,-0.10779833683955,0.0226550071437225,-0.0711852210591888,-0.0840031267079325,0.0533972462064511,-0.103171951228826,-0.171510162150569,-0.0064245267715281,-0.0375783975704292,-0.0743807609780959,0.0599510998538147,-0.132966955556512,0.20685462173898,0.0431677327166458,-0.340732781050087,-0.11092747657447,-0.172698679554004,-0.31991224396517,-0.0698979056749784,-0.146736770367511,-0.0896549259859847,-0.103923138778704,-0.203975306537298,0.00660128176329169,-0.167009587968038
L_pericalcarine_grayavg,0.0958462701807355,0.0385332930185088,0.280350835499308,0.135057984977437,-0.0735363758902282,0.0952930598949276,0.00839312484822133,0.175045536160076,0.0417322622961794,-0.174056776089431,-0.0403389370064235,0.165248604152607,0.0926999631496353,-0.0126798049505714,0.0434739005946887,0.0956358346220558,0.0173729379201459,-0.0241653951908288,0.23140587471364,0.15850621848675,0.190582936880585,NaN,-0.0121620130589671,0.0691616039530328,0.111547467771172,0.2270792824841,-0.10736050681456,0.24114400078672,0.216232357308026,0.16537807346964,0.0991696567467024,0.211072282317918,0.062205226066705,0.188673708374081,0.127729958297745,0.187656385668225,0.176882457482448,0.0485265713516289,0.0613439163122723,0.130213951507195,0.062059962842243,0.146056627138142,0.0928910066226409,0.0112158409026041,-0.0187440306093381,0.13200910363867,0.0348491682090476,0.026216627377111,0.0398462853872755,0.191857916382376,0.086888885694594,-0.0280314620812158,0.173513203528425,0.179933409575431,0.13131483966486,-0.0882007671181786,0.0360682538340071,0.0661753515501077,0.132567264460017,0.148761910328598,-0.00974705098862561,0.245996487226659,0.228088622113601,0.160864037753798,0.105049175578983,0.262382148246027,0.094637136644749,0.138981417985011
L_postcentral_grayavg,-0.00681685476427612,-0.0986768639880605,0.219909708967671,0.0261603388491411,-0.0672665757529019,-0.0435684124148523,-0.13400224779279,0.152680577271583,-0.0701769939327292,-0.272187754327751,-0.061185668442045,0.0652921102592666,-0.024997787509663,-0.053918224449758,-0.000698020000234009,-0.0586990361946921,0.0641755596585888,-0.0136671293076472,0.155647000112143,0.0505925221218823,0.0207654915605611,-0.0121620130589671,NaN,-0.100177286408055,0.126858342220897,0.251983502688934,-0.309069047352656,0.170515165484286,0.186925269586204,0.217165431800243,0.0951133197417073,0.241098957236586,0.00192045177038923,0.0462715219409399,-0.00220648630706152,-0.0725323323254376,0.0960263124828007,-0.00765298473132952,-0.00569260533207805,-0.0349651479142407,-0.0897923191901531,0.164527055769452,0.0605941918846484,-0.0523240135358943,-0.100104340738011,-0.099756605136564,-0.0759886415722652,0.027817231257878,-0.0484626061667086,0.0207586973674987,0.0539588847756258,-0.0528951752310442,0.107862557701074,0.0732966409798601,0.00415480820295363,0.140365235799091,-0.134470625961913,-0.22877252117402,0.121209032863745,0.101075826795597,-0.231309382334442,0.161274579585122,0.151188816648829,0.135230134772225,0.0557390360452841,0.184898296632293,0.0411269323722484,0.0980953450624555
L_posteriorcingulate_grayavg,-0.12654827052661,0.069814730189683,-0.102508906960977,-0.114087232975038,-0.275507605577613,-0.0243022164393596,-0.0897348943738624,-0.134687746906529,-0.171167124085057,-0.141258998916198,-0.252726254322805,-0.211863504365666,-0.106730570467056,0.0473759552693644,-0.159924594821809,-0.105607297013306,-0.203148513950206,-0.18344256885058,-0.0653893185010679,-0.169548294964683,-0.169988075397652,0.0691616039530328,-0.100177286408055,NaN,-0.18733123929222,-0.118468154325568,-0.221889894078338,-0.124094756687794,-0.0589588691119253,-0.0354782400784993,-0.244103187606465,-0.170910101005256,-0.145141882018579,-0.26128749762594,-0.152516688231526,-0.0833337487961771,-0.0785425936040988,-0.0285380874463691,-0.307687810392443,-0.119682880217709,-0.138749522678195,-0.142262890787236,-0.171310900764319,-0.0978922204283563,-0.216806639990467,-0.104561303527552,-0.113453576962458,-0.125165754244512,-0.200573637701196,-0.10046590586346,-0.0572979157459788,-0.136300498520403,-0.0950531530352189,-0.12201371543684,-0.101809403025449,0.10838408913122,-0.0796043483161429,-0.155184697115047,-0.188219273109531,-0.146013002552852,-0.0551645832061929,-0.167914498759278,-0.100259408141047,-0.0318057554485652,-0.156979136587282,-0.0775440783775079,-0.086441082559858,-0.0152038370444649
L_precentral_grayavg,-0.222953137849043,-0.398480927859622,0.0420730412722082,0.100805446600963,-0.188351103037735,0.170962168681184,-0.31701812708386,-0.198126009806563,-0.263889889657918,-0.236222220097933,0.0655099416416513,0.0518182040383536,-0.157906303714578,0.140429825634411,-0.0459471088752325,-0.277876108177438,0.229961381474982,-0.141622656454375,0.00149445739071639,-0.136872183954779,-0.155957554691606,0.111547467771172,0.126858342220897,-0.18733123929222,NaN,0.0387837977150849,-0.424810062024907,-0.00667934730318432,-0.0111706781204829,0.161948864145701,-0.169865034050853,-0.154073487642061,-0.0149158428866964,-0.333242889989655,-0.104644218136959,-0.262014449150782,-0.158319497957939,0.1729020492718,-0.226702334037436,0.0785338004711237,-0.261980092818001,-0.0889249444607256,-0.149588391024682,-0.184337971502829,-0.0911409953646656,0.0374819977754065,-0.0787892340605133,0.131043643807247,-0.0505026705918944,-0.257416902394486,0.0584626134026779,-0.103706867562603,-0.0917287101635699,-0.00563975013661325,0.0371111748178276,0.18480781653343,0.140256280793185,-0.428548279632618,-0.11592125096147,0.0820146643884989,-0.367251863387542,0.0369337356582465,-0.0826636917970121,0.0909065194075504,-0.0637956535187267,-0.0694110043129581,-3.61046445995561e-05,0.00131556800611956
L_precuneus_grayavg,-0.224047481807244,-0.320794034985046,0.0760100655539893,0.226431365046223,-0.151421754699278,0.0812202494197317,-0.299703130805748,-0.266420581495016,-0.18218277651092,-0.208329169063386,0.127662731406896,0.105123544427229,0.00256381925856244,0.274118661836469,-0.039769914321641,-0.249257187545126,0.0735502265898129,-0.115437274985628,-0.0498573678086476,-0.0707095110377892,-0.226288237460182,0.2270792824841,0.251983502688934,-0.118468154325568,0.0387837977150849,NaN,-0.387516413865157,-0.011840878745466,0.0210464154202448,0.118541047394886,-0.211249867184164,-0.141742824794295,-0.0247020188859581,-0.239950036211154,-0.183101769900985,-0.123865695754601,-0.0906703717901454,0.27411876724979,-0.120752589836602,0.0603269190477031,-0.204038442277771,-0.269371109456881,-0.0576611278730838,-0.110527425139367,-0.0497636317433419,0.0426472511052929,-0.0418635060571672,0.214374354267175,-0.0129487857432569,-0.162939166285078,0.0463072570196632,-0.0953126724442649,-0.0436579920744685,0.155119257375207,-0.0697681297597346,0.298221404133465,0.232312074467911,-0.353088281986979,-0.0011445300919585,-0.0460151123650232,-0.24324244302188,0.0131067096803192,0.0184235487445113,0.117212911787283,-0.158678862398806,-0.0584475356880954,0.0029830508149166,-0.0212397158048147
L_rostralanteriorcingulate_grayavg,-0.295248359834686,-0.163116523508439,-0.394529839470163,-0.2452835384249,-0.206749171611492,0.0122719190804132,-0.254362206730645,-0.348740516859276,-0.247452158720983,-0.234860817152,-0.29679113557,-0.351133877199773,-0.283275152737319,-0.225389033394129,-0.177259885075407,-0.202867197832849,-0.379738161096568,-0.221655667021397,-0.403329523484322,-0.158257836106905,-0.316025163098839,-0.10736050681456,-0.309069047352656,-0.221889894078338,-0.424810062024907,-0.387516413865157,NaN,-0.312210216021115,-0.391684422418044,-0.254323725006591,-0.378007244560301,-0.436536039234358,-0.0417487275151892,-0.544854559007949,-0.431839251196591,-0.218683359911544,-0.342761454076707,-0.197969256684047,-0.336910087651704,-0.0450146865751424,-0.342538628049623,-0.361598882523837,-0.319516934718105,-0.113984020071716,-0.233018213538979,-0.269260653143227,-0.309832765665302,-0.262725019223233,-0.207670253977346,-0.214720258172003,-0.278715400891258,-0.239445122362801,-0.278919109201119,-0.27714396569221,-0.272370299870142,-0.0842396094857236,-0.276920236172943,-0.369433974915922,-0.401579874165759,-0.334871157790304,-0.247352929071303,-0.348946833580258,-0.39093467095739,-0.266234242655461,-0.394423662225101,-0.400901403642578,-0.012069843855621,-0.36931455264213
L_rostralmiddlefrontal_grayavg,-0.15262787244878,-0.271777833018574,-0.0233649557479595,0.0255881653677549,-0.0942693645089432,0.0964962640815221,-0.147175982290161,-0.111258128509081,-0.115359371915424,-0.0967903211558388,0.116704630237418,-0.0753899282195488,0.0318489931742736,0.130783788501717,-0.119154065513321,-0.128183881921118,-0.0297876961426311,-0.0154596381342953,0.086172295802941,-0.0291658262981103,-0.107831240740793,0.24114400078672,0.170515165484286,-0.124094756687794,-0.00667934730318432,-0.011840878745466,-0.312210216021115,NaN,0.0889793222589625,-0.00204364334308282,-0.092128628723318,-0.0162129992562292,-0.0198702098284044,-0.122212016624339,-0.0455839994209593,-0.119141137363249,-0.106452999678434,0.0931908649472818,-0.0814199044535663,-0.0285619742928093,-0.179951778776366,-0.188397091328713,-0.0444588760303428,0.0196358923182027,0.000889278129964412,-0.118087593125209,0.0189341139627109,0.0148178535063681,-0.172779761729781,-0.0277252764768478,-0.118424414423362,0.00267504060843155,0.0612932612778347,0.142880331928062,-0.103552750384603,0.291259387564308,0.172171610646289,-0.295041939972824,0.00149492973661324,-0.132002244545362,-0.229205167605571,-0.247476595646396,0.0574880079400997,-0.058431803616741,-0.0468573617104831,0.00300614166576488,0.0213995721242404,0.00160258574541598
L_superiorfrontal_grayavg,-0.168700466025537,-0.316532170638042,0.00972654620794963,0.0520374057040867,-0.197346238447352,0.150685577055508,-0.172597220119886,-0.0448303518485426,-0.207163916105956,-0.169941326924631,0.113216241778825,0.0743539790255008,-0.0244067561977191,0.183841301518126,0.00237402951333882,-0.279627968500546,0.210395377908581,-0.057530701453448,-0.213218917823207,-0.0365040786374769,-0.0655054722943571,0.216232357308026,0.186925269586204,-0.0589588691119253,-0.0111706781204829,0.0210464154202448,-0.391684422418044,0.0889793222589625,NaN,0.244537559378893,-0.287699234103247,-0.115594038467976,-0.0553345114928717,-0.254769924204867,-0.1884898881689,-0.304857756909622,-0.200024242348321,0.150726383349852,-0.277025473193299,0.0951328734392778,-0.228046359525699,-0.0332659095740422,-0.125611225913511,-0.114956151454681,0.0178622032291267,0.083123811904158,0.0128281604941363,0.110608379098395,0.107616930500957,-0.261522844498297,0.165398236247044,-0.0315248904793029,-0.166188333535901,0.0812037275532892,0.0817953457014866,0.250171131078369,0.21308254363676,-0.305194238140383,-0.0651239155385839,0.163145148843842,-0.354100338272842,0.116957429310714,-0.173011257420964,0.146491351961271,-0.183401846061552,0.0231247015970133,0.0148658795011707,-0.0251370090512511
L_superiorparietal_grayavg,-0.066084495861355,-0.136570998390595,0.178496730198774,0.026218594236847,-0.0219577518030875,0.0359021567443846,-0.106284935945751,-0.0262950869224127,-0.0323769234099877,-0.111919127037116,0.0818708674594027,-0.0945095670892208,0.0872968032827381,0.159326076284883,0.00168644459495729,-0.0266083899320687,0.124233537421595,0.0561614019163199,0.165610775029332,-0.0462784243978185,-0.0968560932104012,0.16537807346964,0.217165431800243,-0.0354782400784993,0.161948864145701,0.118541047394886,-0.254323725006591,-0.00204364334308282,0.244537559378893,NaN,0.116348902918038,0.171932881531846,0.00771881803748416,0.0510039651487225,0.056011260534709,0.0242370136874649,0.107721664898058,0.0604682797452548,0.0213305587354803,-0.000574899874466572,-0.0630196339258618,0.0525551759125703,0.0988484382319822,0.0539185034333604,0.00960922457682215,-0.205243509415352,0.0188073643708583,0.118337420393765,-0.0228692669062121,0.0587691453166806,-0.0186080736797149,0.0226502138642003,0.139314860639947,0.144380563000622,-0.0462690557913261,0.214649858302812,0.181242161853398,-0.172669623833753,0.157763565927823,-0.0164924825327523,-0.14961397868539,0.0298813512810553,0.151333384423653,-0.137616477370987,0.12062642267019,0.197781021989221,0.048208325106003,0.154448427490579
L_superiortemporal_grayavg,-0.287845090877143,-0.342478887599519,-0.156321892442915,0.0437059632104255,-0.11452435642212,0.167491669899115,-0.308276207814777,-0.168578909871965,-0.177475232237949,-0.216983313867153,0.0181643550118672,-0.00177329782619629,-0.0657314788199464,0.146627738280656,-0.0713701778160371,-0.355261707349702,0.0774907566635101,-0.194917256287091,-0.16951326124608,-0.0566280763928024,-0.130615708189913,0.0991696567467024,0.0951133197417073,-0.244103187606465,-0.169865034050853,-0.211249867184164,-0.378007244560301,-0.092128628723318,-0.287699234103247,0.116348902918038,NaN,-0.317796968104001,-0.0257644634306268,-0.305242487432109,-0.245565836671418,-0.372658005311936,-0.318686700993301,0.18781428761536,-0.231560541495136,0.0409781579726054,-0.28132739145035,-0.137983836292855,-0.176974700698415,-0.195374688813723,-0.0245607937493586,0.010912594449799,-0.0325480210412001,0.0922487318609107,0.00299528836009424,-0.416356679122486,0.0765857045894174,-0.0773853713535649,-0.116081017377801,-0.0374831224121735,0.049000804978866,0.146180797172162,0.138069814753855,-0.420430745403152,-0.188557682836188,-0.0400740106973153,-0.3460032736473,-0.106051591640301,-0.198657648767351,0.0479469503533496,-0.0520296305006846,-0.183457037145311,-0.00566837202875811,-0.0671025345018805
L_supramarginal_grayavg,-0.278151739609178,-0.322720807943508,-0.0748360347562685,0.0917039799533427,-0.163424493151343,0.125236600443085,-0.355755279887157,-0.162621835130856,-0.339298645467711,-0.210025928819278,0.0755129816086138,0.041371297062732,-0.108433826685796,0.240644105794111,-0.0669832059568172,-0.353710710759492,0.134613181293914,-0.0813213058927368,-0.110833744463323,-0.196533695977772,-0.28229025229121,0.211072282317918,0.241098957236586,-0.170910101005256,-0.154073487642061,-0.141742824794295,-0.436536039234358,-0.0162129992562292,-0.115594038467976,0.171932881531846,-0.317796968104001,NaN,-0.130360306876135,-0.266670786118066,-0.181881787702401,-0.24803725704261,-0.180979110684943,0.174448465492014,-0.213143676916707,0.0137977467242638,-0.353199953711783,-0.0288036657074103,-0.207152139434981,-0.134311796148842,0.0179071610985576,0.0824373330028173,-0.10939487694918,0.12961873700451,-0.0392298792923155,-0.362482228383785,0.07072062927588,-0.0693275640937639,-0.195133345789663,0.132877709988543,0.021590484952833,0.233796880637459,0.216664066038951,-0.368029980268872,-0.105083920432727,-0.00379118484864104,-0.374427179531233,0.0406361394463218,-0.157737760246382,0.114528434491069,-0.270445457557942,0.0446724223824109,-0.10401015387068,-0.038485143769376
L_temporalpole_grayavg,-0.0665257031716339,-0.0376649309717269,-0.0430324220064953,-0.0463062636653667,0.13621556428715,0.0138282724875449,-0.0294436755455573,-0.0071593944008224,-0.0827727015592163,-0.20483342048614,-0.042542798895307,-0.0345530682894257,0.0250060827605398,0.093571702373979,0.0492365203435215,-0.0813089792568457,0.100549248577664,-0.106077204575625,-0.122888456778215,-0.0194043337833193,0.00381094723856843,0.062205226066705,0.00192045177038923,-0.145141882018579,-0.0149158428866964,-0.0247020188859581,-0.0417487275151892,-0.0198702098284044,-0.0553345114928717,0.00771881803748416,-0.0257644634306268,-0.130360306876135,NaN,-0.27082838396138,-0.0374669322577188,-0.0997749267435052,-0.109401293550702,0.0384200101264181,0.102495802290137,0.0687208683648063,-0.013267668629098,-0.0546262335932835,0.0178804742832831,-0.0934421069795856,0.0402246800339963,0.0216058852754995,0.0389034227844122,0.077497853539927,0.0765228246592633,-0.0739956264658305,0.0853495612178553,-0.0315653918587905,-0.0937890903806121,-0.0878172161996598,-0.0269852178108245,0.0507879529462669,0.0547562722204354,-0.217497653710689,-0.0282695418579255,0.00805732778071666,-0.044341569398366,-0.00155948228053247,-0.0170460769674267,-0.00758209994442718,-0.0486028629316981,-0.103506266336904,-0.0319982019092744,-0.109145521812746
L_transversetemporal_grayavg,-0.25271346241784,-0.420760273430249,-0.175243870803594,0.0618507581307471,-0.306892366955523,-0.169545688417367,-0.439572991898982,-0.218077029597192,-0.345478164504667,-0.411061186691584,-0.134666243054748,-0.0953544928419316,-0.463166453738926,0.124505941831542,-0.224653261383817,-0.349477862834762,-0.151950597816609,-0.262229206658394,-0.278396450610332,-0.167784150511814,-0.256503733564769,0.188673708374081,0.0462715219409399,-0.26128749762594,-0.333242889989655,-0.239950036211154,-0.544854559007949,-0.122212016624339,-0.254769924204867,0.0510039651487225,-0.305242487432109,-0.266670786118066,-0.27082838396138,NaN,-0.272249626702849,-0.371778520342698,-0.138672932261546,0.106324016782988,-0.30105470574167,-0.19579058562352,-0.393348595975052,-0.170213832664771,-0.297437587849024,-0.337477522226523,-0.261855747691884,-0.0285446446707729,-0.304608972551884,0.0075405626268486,-0.333104008611082,-0.344896409304226,-0.130599687559809,-0.35386424377137,-0.269014902236181,-0.188015697571727,-0.297768572124923,0.21646785796793,0.0246808108943908,-0.392324359407582,-0.309482048328292,-0.241714091380049,-0.511515292177444,-0.176889946218093,-0.230390854186462,0.107059386488783,-0.357883761248932,-0.222576124826457,-0.22005005165367,0.0079196852014271
R_bankssts_grayavg,0.0428836935465898,-0.355988071092602,-0.0902593720039334,0.00365980352730055,-0.243704742016558,0.0216398150061779,-0.222429080302349,-0.124720929671745,-0.183967825972182,-0.0601458836584508,-0.051342082645299,-0.0646011549865091,-0.203345570291176,0.0453216898397362,-0.18470673033038,-0.0650027322396433,-0.0609110330066598,-0.101973649032483,-0.0900386071529423,-0.0466224860604341,-0.118741480478631,0.127729958297745,-0.00220648630706152,-0.152516688231526,-0.104644218136959,-0.183101769900985,-0.431839251196591,-0.0455839994209593,-0.1884898881689,0.056011260534709,-0.245565836671418,-0.181881787702401,-0.0374669322577188,-0.272249626702849,NaN,-0.29241111901243,-0.121741875188901,0.0131627253030795,-0.274786177462123,-0.0264260313677288,-0.272093020732678,-0.0403377260134077,-0.161967115685959,-0.0916777426583751,-0.13863198433528,-0.0736791272559909,-0.200216788575261,-0.0451250738545769,-0.211766019452049,-0.076422275762794,-0.01043621312785,-0.112800017836251,-0.169862055658761,-0.0430833528297074,-0.0383731004422548,0.115844067409237,0.0610586824799923,-0.264705728585921,-0.124105673210217,-0.124829694888233,-0.381620299232372,-0.0161296970907945,-0.200740477381791,0.0410082122326114,-0.226795983992321,-0.122390159614014,0.0180649597074513,-0.171374159957036
R_caudalanteriorcingulate_grayavg,-0.29410481364106,-0.0370178974889754,-0.202180403123289,0.0391899653376629,-0.26714975782408,0.0397867747982876,-0.197457781186654,-0.142429295469777,-0.286772719593137,-0.356934303520383,0.0612584466907313,-0.048567337350436,-0.229270400869756,0.0727209400994093,-0.102094455738949,-0.131699886418435,-0.186272343010292,-0.154909007983176,-0.271853357885978,-0.138070042585053,-0.198376547282973,0.187656385668225,-0.0725323323254376,-0.0833337487961771,-0.262014449150782,-0.123865695754601,-0.218683359911544,-0.119141137363249,-0.304857756909622,0.0242370136874649,-0.372658005311936,-0.24803725704261,-0.0997749267435052,-0.371778520342698,-0.29241111901243,NaN,-0.209212629997226,0.0654416841249814,-0.273685277364707,-0.000317255711092003,-0.221472854342948,-0.193181024246292,-0.187579300498869,-0.139906432397889,0.093324446921081,-0.0240189938272214,-0.156689133462944,0.00872514277310047,-0.0736105780368646,-0.0899332637259614,-0.0447950524404195,-0.145731370588638,-0.192071485766514,-0.0529286539614949,-0.151414165804875,0.182104196982858,0.00816247170785163,0.0436682060696182,-0.27510269041089,-0.00552240800569071,-0.0883759707086639,-0.141710467079882,-0.282656686147255,0.0182841580953604,-0.320949574846318,-0.167508030322796,-0.0557369374269039,-0.224438502924785
R_caudalmiddlefrontal_grayavg,-0.278350020258202,-0.280477852219467,-0.179941256503708,0.0528455482239337,-0.241043452492874,-0.0129637772781421,-0.306226942696516,-0.322172549432008,-0.280866652250837,-0.142145859174098,0.00561082546406761,-0.0844041264653166,-0.124970641917519,0.126792828475722,-0.152257048885982,-0.249473255556563,0.0326495545136167,-0.119019740332518,-0.0832479589576323,-0.239616708859849,-0.309031500800215,0.176882457482448,0.0960263124828007,-0.0785425936040988,-0.158319497957939,-0.0906703717901454,-0.342761454076707,-0.106452999678434,-0.200024242348321,0.107721664898058,-0.318686700993301,-0.180979110684943,-0.109401293550702,-0.138672932261546,-0.121741875188901,-0.209212629997226,NaN,0.104690176495386,-0.230909017031159,-0.125156538933363,-0.273257810695465,-0.109357526025753,-0.227106897570682,-0.123709628187019,-0.105264912738701,-0.0966333164522957,-0.0755112694069281,0.0446805837087505,-0.182364004507879,-0.269213925647573,-0.0911152389732743,-0.0782677093070635,-0.152228136121387,-0.053069523242715,-0.121598321444561,0.182831996530228,0.107444755209454,-0.270574753577059,-0.209051196038289,-0.0598715879465493,-0.340327863633898,-0.0165610805309899,-0.21291004839632,0.0604884949116275,-0.217812176203253,-0.0570782635998446,-0.072025158769687,0.115477949592797
R_cuneus_grayavg,-0.0204207826066834,-0.128608519705605,0.156318843275193,-0.135027765100847,0.0519873867116435,-0.0816692684789253,-0.0253984055262952,0.162975397913183,0.0608764906849719,-0.262862571646005,0.0341153979107922,0.113597540128357,0.0269077235306627,0.033579307653924,-0.00662039410192321,0.0587996031243321,0.00077911458818748,0.0265720019528017,0.197666071385747,0.174844899603163,0.0871400391664935,0.0485265713516289,-0.00765298473132952,-0.0285380874463691,0.1729020492718,0.27411876724979,-0.197969256684047,0.0931908649472818,0.150726383349852,0.0604682797452548,0.18781428761536,0.174448465492014,0.0384200101264181,0.106324016782988,0.0131627253030795,0.0654416841249814,0.104690176495386,NaN,0.0981541154321749,0.0263218487870035,-0.0691634318502022,0.15930766950775,0.129385092490109,0.00853273932738064,0.0031479334878865,0.0674977202276139,-0.014136262808439,-0.103075536360423,-0.048839873969056,0.160728297591091,0.106319916288386,0.0226201138579762,0.147058891547542,0.176903481004569,0.0608599943173941,0.126405932360126,0.0114820495369196,-0.118459366117851,0.158784985045732,0.137847563471068,-0.074736126520674,0.110544758343336,0.191175715720299,0.0662123258350775,0.104175653977029,0.280226531326177,0.114595961285393,0.00282969552067567
R_entoRinal_grayavg,-0.231494420023639,-0.315292492151944,-0.155440777919576,0.00214530937052769,-0.0372295425086481,-0.06787000890436,-0.22013848099826,-0.130599554254591,-0.254747187683646,-0.307862517924995,-0.147580460710259,-0.0221777044722219,-0.138152102268762,0.0349192554162768,-0.0822099820558863,-0.277914564408526,-0.11502992616784,-0.187540238189013,-0.208068353441209,-0.162147048862379,-0.141584614864345,0.0613439163122723,-0.00569260533207805,-0.307687810392443,-0.226702334037436,-0.120752589836602,-0.336910087651704,-0.0814199044535663,-0.277025473193299,0.0213305587354803,-0.231560541495136,-0.213143676916707,0.102495802290137,-0.30105470574167,-0.274786177462123,-0.273685277364707,-0.230909017031159,0.0981541154321749,NaN,0.0213921394245146,-0.17117197805392,-0.108552720115792,-0.171957776506571,-0.224431769822093,-0.131536590175054,0.00563765291736424,-0.14767377238725,0.00685240814369015,-0.0631858579761372,-0.289818839493725,-0.109448294530353,-0.122269429562479,-0.241713329827611,-0.107258675345121,-0.103736705293791,0.0666491573429409,-0.00438075890630992,-0.350479019614428,-0.213729479828507,-0.116424118074467,-0.359194430792937,-0.125043800591586,-0.217478010652025,-0.00516142155451893,-0.281134625949274,-0.153259847445233,0.0958541740239267,-0.219382305161556
R_frontalpole_grayavg,-0.0637340503663328,-0.0658678892447125,0.060273729532912,-0.0684553644185623,0.091082703822806,-0.0497654789262278,-0.0434017425370621,-0.0634118626527567,-0.121347475134187,-0.173177570861373,0.0643947000156282,-0.053186521859113,0.0288487163283543,0.0573298145885694,0.14858312641841,-0.0527982679357748,0.246664089462465,-0.0544973572482411,-0.0430564988130421,-0.0169181570193108,0.0554195064085124,0.130213951507195,-0.0349651479142407,-0.119682880217709,0.0785338004711237,0.0603269190477031,-0.0450146865751424,-0.0285619742928093,0.0951328734392778,-0.000574899874466572,0.0409781579726054,0.0137977467242638,0.0687208683648063,-0.19579058562352,-0.0264260313677288,-0.000317255711092003,-0.125156538933363,0.0263218487870035,0.0213921394245146,NaN,-0.0681552864313861,-0.000412909833567151,0.0551610072179692,0.0173028377472607,0.0817952265722461,0.0060490985902614,-0.00136929631889534,0.0915420531184119,0.191331477241087,-0.0446582980094903,0.188785382757025,0.0412175840287222,-0.014350072011824,0.00205522640553773,0.0704384470988974,0.0592757918203864,0.0299053995614808,-0.208000783238511,0.0438643712361992,0.0864310914558204,-0.0616427179132181,-0.0241337452556599,0.133427267931128,-0.0628277235732272,0.0789260942435863,-0.00437762512958746,0.0673761801420332,-0.097647082681302
R_fusiform_grayavg,-0.200664169589726,-0.243953240084743,-0.233410163513571,-0.192786816873544,-0.126819642802485,-0.0820570169487285,-0.111885335971723,-0.205154498923275,-0.0498020183948812,-0.111603512942541,-0.000837323436533677,-0.158657584697258,-0.180571742746137,0.0107224731997906,-0.289120973540187,-0.0661100753032435,-0.137424883840508,-0.164838562120811,-0.181536370718617,-0.204148978434926,-0.325240237901273,0.062059962842243,-0.0897923191901531,-0.138749522678195,-0.261980092818001,-0.204038442277771,-0.342538628049623,-0.179951778776366,-0.228046359525699,-0.0630196339258618,-0.28132739145035,-0.353199953711783,-0.013267668629098,-0.393348595975052,-0.272093020732678,-0.221472854342948,-0.273257810695465,-0.0691634318502022,-0.17117197805392,-0.0681552864313861,NaN,-0.219902992871674,-0.0568651143326845,-0.129984849583702,-0.107970132477964,-0.104532969019597,0.00502967487361033,-0.130880156222254,-0.1640947059405,-0.087000370430776,-0.0846950719344402,-0.140890127197193,-0.193669657807923,-0.144480088026847,-0.181215818805927,0.0806792534597061,-0.0486211981553063,-0.322935714551985,-0.243518124161277,-0.0984286164901088,-0.239454585639341,-0.190029136407197,-0.124869460221277,-0.0740164284514751,-0.186595838563877,-0.27163377023954,-0.00199816520316271,-0.0942555755617519
R_inferiorparietal_grayavg,-0.148900879659676,-0.295388509124072,0.0181430200781178,0.0797440447639183,-0.117326349998189,0.0938655265698758,-0.219709460247865,-0.196629962728819,-0.184719071008553,-0.067955253865122,0.0257003247321878,-0.0521982150995547,0.0869339548091567,0.184240978676541,-0.200749922560454,-0.272680907321517,0.059240587465911,-0.0602555340463185,0.0951824266325382,-0.217500567777293,-0.248681719890619,0.146056627138142,0.164527055769452,-0.142262890787236,-0.0889249444607256,-0.269371109456881,-0.361598882523837,-0.188397091328713,-0.0332659095740422,0.0525551759125703,-0.137983836292855,-0.0288036657074103,-0.0546262335932835,-0.170213832664771,-0.0403377260134077,-0.193181024246292,-0.109357526025753,0.15930766950775,-0.108552720115792,-0.000412909833567151,-0.219902992871674,NaN,-0.0365260235747986,0.0135821435262903,-0.0569379680535964,-0.015352203311795,-0.00183367264005778,0.0765644496817194,-0.137907275181186,-0.070904596711118,-0.0722625538265623,-0.0717138255084366,0.0265636963574787,0.0410254799648136,-0.141543232395697,0.251086150676351,0.144145277420333,-0.380963207448674,-0.125067431968459,-0.152935595286637,-0.299703087999114,-0.133601226647359,0.0178152790271196,-0.0447420886115996,-0.0103442094745854,0.0127435990152904,-0.00852156370130103,-0.0224575407234164
R_inferiortemporal_grayavg,-0.0825535600262753,-0.197239052066594,-0.10290494189597,-0.0112135386804971,-0.129784446586134,0.0606050396901937,0.0151391097608248,-0.0639940983031914,-0.0958124835969134,-0.205292557551284,0.10277883269234,0.0533565278703283,0.043495986649032,0.136045677596213,0.0696039961768199,-0.0746330539737631,0.0394222256975356,-0.0158027399537043,-0.0680021715632166,0.0668355436132844,-0.081905145565277,0.0928910066226409,0.0605941918846484,-0.171310900764319,-0.149588391024682,-0.0576611278730838,-0.319516934718105,-0.0444588760303428,-0.125611225913511,0.0988484382319822,-0.176974700698415,-0.207152139434981,0.0178804742832831,-0.297437587849024,-0.161967115685959,-0.187579300498869,-0.227106897570682,0.129385092490109,-0.171957776506571,0.0551610072179692,-0.0568651143326845,-0.0365260235747986,NaN,-0.178398617018756,0.103237624108951,0.11201190285118,0.0945931712664193,0.0644792155856404,0.0807792382427335,-0.0791849598857629,0.0544262347144934,0.0521766117102215,-0.0785124552635549,0.144646441405528,0.00810770445027953,0.143265295615869,0.0840015345547138,-0.362213751216972,-0.130096719661801,-0.00839075456198565,-0.241754593611662,-0.0784343216736324,-0.0193945555888862,0.0530346682575781,-0.207530353104927,-0.060574815032029,-0.00197964418857215,-0.160922311477748
R_insula_grayavg,-0.032483640870006,-0.0613304958374394,-0.118818961585776,-0.0238089263145523,-0.192914913093057,-0.00633507276893366,-0.13352236233664,-0.0448162891855621,-0.0979951752247288,-0.175072485439125,-0.0928261018016721,-0.107571570181978,-0.0855564441313135,0.0414353106922236,-0.0320239084146932,-0.07014621047742,-0.042061631234613,-0.112211915158766,-0.185563577574517,-0.0413502403075966,-0.10779833683955,0.0112158409026041,-0.0523240135358943,-0.0978922204283563,-0.184337971502829,-0.110527425139367,-0.113984020071716,0.0196358923182027,-0.114956151454681,0.0539185034333604,-0.195374688813723,-0.134311796148842,-0.0934421069795856,-0.337477522226523,-0.0916777426583751,-0.139906432397889,-0.123709628187019,0.00853273932738064,-0.224431769822093,0.0173028377472607,-0.129984849583702,0.0135821435262903,-0.178398617018756,NaN,-0.130143190333815,-0.00692244217972228,-0.14981842102913,-0.0360306978689568,-0.0518490433357829,-0.106831521377448,0.0304308135225182,-0.0941051332702628,-0.197392138515708,-0.0429539616413393,-0.122856486431141,0.0189541456928449,0.0220052632318505,-0.0398728667345324,-0.162547045205194,-0.115710181767372,0.0187055862780206,0.000598670856234639,-0.140380781811151,0.0593692613852746,-0.271014374628718,-0.106553756297645,-0.0107637560471465,-0.195938836181548
R_isthmuscingulate_grayavg,-0.0832387030822499,-0.0886275032242374,0.0231416119381808,-0.0837105124453267,-0.123530014654192,0.141067792583167,-0.0332398196498467,-0.013064024205239,-0.0902734227295522,-0.379216529689149,-0.050232369089026,-0.0902800885822857,-0.0811165248216769,-0.02958266014788,0.0865175511567836,0.0360848585805423,-0.184504178652442,-0.0589029860694154,-0.00366251459184508,0.106980034482629,0.0226550071437225,-0.0187440306093381,-0.100104340738011,-0.216806639990467,-0.0911409953646656,-0.0497636317433419,-0.233018213538979,0.000889278129964412,0.0178622032291267,0.00960922457682215,-0.0245607937493586,0.0179071610985576,0.0402246800339963,-0.261855747691884,-0.13863198433528,0.093324446921081,-0.105264912738701,0.0031479334878865,-0.131536590175054,0.0817952265722461,-0.107970132477964,-0.0569379680535964,0.103237624108951,-0.130143190333815,NaN,0.00568133001807184,0.00105727754686573,-0.157327330935477,0.00919585354088552,0.0823187529525621,0.0109828442889227,-0.0633993720368364,0.000945424778158399,0.109975362023122,-0.0184483733395014,-0.00604725873363691,-0.0690690147341966,-0.0933285200932709,-0.0714645516786001,0.043904911061994,-0.0992530135265914,-0.0468181474697066,0.0274629948686395,-0.0117543536365726,-0.0668929773279504,0.0350972177769594,0.133237859147478,-0.206957854732977
R_lateraloccipital_grayavg,-0.134763575354244,-0.216545635868463,-0.00247965657590169,-0.124032331070983,-0.0455025380928646,-0.0128508569813085,-0.0819059281606027,0.0165058788041111,-0.0293699686693139,-0.169469186937359,0.0508887755640957,-0.0821103786097083,0.0616713938033695,0.0535223199519336,-0.165344019293655,-0.0511714214764374,-0.0350627144768968,-0.015993582474071,0.124463232516573,0.011290412150658,-0.0711852210591888,0.13200910363867,-0.099756605136564,-0.104561303527552,0.0374819977754065,0.0426472511052929,-0.269260653143227,-0.118087593125209,0.083123811904158,-0.205243509415352,0.010912594449799,0.0824373330028173,0.0216058852754995,-0.0285446446707729,-0.0736791272559909,-0.0240189938272214,-0.0966333164522957,0.0674977202276139,0.00563765291736424,0.0060490985902614,-0.104532969019597,-0.015352203311795,0.11201190285118,-0.00692244217972228,0.00568133001807184,NaN,-0.00977916128592971,-0.074679833859137,-0.174152034006714,0.0429593060886999,-0.0490679229383348,-0.0242104523610658,0.0414398744746509,0.109438167695457,-0.0654308805695935,0.158277644090583,-0.024641076189061,-0.26764287127325,-0.0120399371931993,-0.0957548476715605,-0.190104211936701,-0.102245564753423,0.111537930030256,-0.158287069805231,-0.0170207070943629,0.133650982014114,0.064902923439607,-0.00439802898743901
R_lateralorbitofrontal_grayavg,-0.0544615818764761,-0.133274718982409,-0.0610988936629834,-0.113284272752688,-0.119053126876386,0.0149568766618365,0.190913263814592,-0.0326256880977988,0.0918126593830539,-0.221410940340533,0.0238262164055424,-0.0683971743720633,-0.0593837031505534,0.0438994833049967,-0.138069113341626,0.152347761428166,-0.0352912731609981,0.0842743216633582,-0.0209995781010143,0.0469776177058008,-0.0840031267079325,0.0348491682090476,-0.0759886415722652,-0.113453576962458,-0.0787892340605133,-0.0418635060571672,-0.309832765665302,0.0189341139627109,0.0128281604941363,0.0188073643708583,-0.0325480210412001,-0.10939487694918,0.0389034227844122,-0.304608972551884,-0.200216788575261,-0.156689133462944,-0.0755112694069281,-0.014136262808439,-0.14767377238725,-0.00136929631889534,0.00502967487361033,-0.00183367264005778,0.0945931712664193,-0.14981842102913,0.00105727754686573,-0.00977916128592971,NaN,-0.0116849374221399,-0.000744242961575141,0.126776937371239,0.0814088519806966,0.073416703082009,0.06266249692764,0.0894575325071763,-0.00168779461573225,0.0418563921056201,-0.0545254225755982,-0.237227916279863,-0.0362973590520512,0.0034767619168099,-0.167471842005222,0.0150909527622894,0.10268879570793,-0.00574362761130365,-0.0656260687536822,-0.0776096476936006,0.0280019379081943,-0.21576801299949
R_lingual_grayavg,-0.0181270142296205,-0.126041684389553,0.114421227081334,-0.132273822950755,-0.0526361532766128,0.0828161183907252,-0.077488365277866,0.134855026493264,-0.00109662697920289,-0.244281476409032,-0.0451140980123595,-0.0279118567943051,0.0270429580405802,-0.115609542273883,-0.12101030637038,0.0364639103699653,0.00576583545808969,-0.0437806488272382,0.268670216449767,0.169262663637942,0.0533972462064511,0.026216627377111,0.027817231257878,-0.125165754244512,0.131043643807247,0.214374354267175,-0.262725019223233,0.0148178535063681,0.110608379098395,0.118337420393765,0.0922487318609107,0.12961873700451,0.077497853539927,0.0075405626268486,-0.0451250738545769,0.00872514277310047,0.0446805837087505,-0.103075536360423,0.00685240814369015,0.0915420531184119,-0.130880156222254,0.0765644496817194,0.0644792155856404,-0.0360306978689568,-0.157327330935477,-0.074679833859137,-0.0116849374221399,NaN,-0.088739240136755,0.0781422175456192,0.158569575362773,-0.0647941675441108,0.13243563645909,0.201234777021143,0.0470839517192547,0.143359909950994,0.0435460199350455,-0.262079494998559,0.117005637304117,0.0661640315961885,-0.110358383974758,0.0109823298710261,0.18086653300393,0.124047489198972,0.0701306518285297,0.202251723136615,0.12270248856558,-0.0228759662819975
R_medialorbitofrontal_grayavg,-0.142863544490509,-0.209741616833514,-0.106116925419204,-0.120333433484551,-0.0160781192223384,0.225711884131729,-0.00818013408683178,-0.0652012984123519,-0.005306038758551,-0.239345452487364,-0.0175440151020513,-0.175656299444364,0.0621674308209136,-0.101208090852237,0.00414408092577257,-0.080208435520574,-0.029090993153161,-0.046838892415884,0.0235761639833553,0.168691646375878,-0.103171951228826,0.0398462853872755,-0.0484626061667086,-0.200573637701196,-0.0505026705918944,-0.0129487857432569,-0.207670253977346,-0.172779761729781,0.107616930500957,-0.0228692669062121,0.00299528836009424,-0.0392298792923155,0.0765228246592633,-0.333104008611082,-0.211766019452049,-0.0736105780368646,-0.182364004507879,-0.048839873969056,-0.0631858579761372,0.191331477241087,-0.1640947059405,-0.137907275181186,0.0807792382427335,-0.0518490433357829,0.00919585354088552,-0.174152034006714,-0.000744242961575141,-0.088739240136755,NaN,-0.0440571389038641,0.0888416656262798,-0.066150286182073,0.0364526920253598,0.250630154612975,0.0262936229882924,0.0230621931131349,-0.0421693278259009,-0.349162931514673,-0.0142811485047377,0.00775172451382208,-0.157156934154065,-0.14638678937997,0.0880854976776579,-0.0693058338734274,-0.0330159066502964,-0.0448554590290972,0.123165112474425,-0.259815502284768
R_middletemporal_grayavg,-0.0875736220880532,-0.142476578207272,-0.178172897726967,0.00797231124233961,-0.181480433389111,-0.0100711561624323,0.0137361192042905,-0.166378436185114,-0.192963070195516,-0.143792670283734,0.108538157340833,-0.0398855548662164,0.0897049582038758,0.224356500244014,-0.042149835083837,-0.0952431228165605,0.00751174669526701,0.063572552310841,-0.246142376321506,-0.209039082436134,-0.171510162150569,0.191857916382376,0.0207586973674987,-0.10046590586346,-0.257416902394486,-0.162939166285078,-0.214720258172003,-0.0277252764768478,-0.261522844498297,0.0587691453166806,-0.416356679122486,-0.362482228383785,-0.0739956264658305,-0.344896409304226,-0.076422275762794,-0.0899332637259614,-0.269213925647573,0.160728297591091,-0.289818839493725,-0.0446582980094903,-0.087000370430776,-0.070904596711118,-0.0791849598857629,-0.106831521377448,0.0823187529525621,0.0429593060886999,0.126776937371239,0.0781422175456192,-0.0440571389038641,NaN,0.0685072785351531,0.216013717671225,-0.23594309684201,-0.202508885644762,-0.0668800954529363,0.200800655483072,0.0547474881148493,-0.250928971880329,-0.208211909108892,-0.041278124642046,-0.237649737024385,-0.0794074256486112,-0.261985763621343,0.0010330628324158,-0.369403627473252,-0.234276771933894,-0.0202787606099719,-0.165869819389233
R_paracentral_grayavg,-0.086289240384469,-0.152111970516128,-0.0117652079257435,0.0429988313213617,-0.101714640080198,0.211534852286221,-0.0964989717705918,-0.0297518646411166,-0.0196990101222702,-0.0281620066474954,0.134530279406652,-0.0215280233801508,0.0949832619264629,0.125068882283066,0.0182003496618144,0.0400168963441876,-0.125209342734282,-0.0390494859081421,0.167725828314397,0.0949981334071734,-0.0064245267715281,0.086888885694594,0.0539588847756258,-0.0572979157459788,0.0584626134026779,0.0463072570196632,-0.278715400891258,-0.118424414423362,0.165398236247044,-0.0186080736797149,0.0765857045894174,0.07072062927588,0.0853495612178553,-0.130599687559809,-0.01043621312785,-0.0447950524404195,-0.0911152389732743,0.106319916288386,-0.109448294530353,0.188785382757025,-0.0846950719344402,-0.0722625538265623,0.0544262347144934,0.0304308135225182,0.0109828442889227,-0.0490679229383348,0.0814088519806966,0.158569575362773,0.0888416656262798,0.0685072785351531,NaN,-0.0710756370158753,0.136386705033016,0.157612075503174,0.101957784353598,0.171818499242995,0.0478019171266699,-0.27226400727241,0.00195453648576861,0.0787098045124684,-0.163651279571293,-0.00759686320712469,0.113925031977108,-0.0228353016250514,0.131407530716926,0.0872048562390514,0.138711761969388,0.0782634359963509
R_parahippocampal_grayavg,-0.134249784244344,-0.160388816512534,-0.0603709439800981,-0.0662822028032798,-0.16330036706577,0.0288713991405585,-0.0664085156744954,-0.0432643619458439,0.135581113395301,-0.155898303016831,-0.00752849880340157,-0.0225335285760117,0.0144382301334164,-0.0313326159611209,-0.0397670679949547,0.171474757386431,-0.172453001658453,-0.0122958086436178,-0.0260779396938047,0.0162892538156071,-0.0375783975704292,-0.0280314620812158,-0.0528951752310442,-0.136300498520403,-0.103706867562603,-0.0953126724442649,-0.239445122362801,0.00267504060843155,-0.0315248904793029,0.0226502138642003,-0.0773853713535649,-0.0693275640937639,-0.0315653918587905,-0.35386424377137,-0.112800017836251,-0.145731370588638,-0.0782677093070635,0.0226201138579762,-0.122269429562479,0.0412175840287222,-0.140890127197193,-0.0717138255084366,0.0521766117102215,-0.0941051332702628,-0.0633993720368364,-0.0242104523610658,0.073416703082009,-0.0647941675441108,-0.066150286182073,0.216013717671225,-0.0710756370158753,NaN,-0.00596695681361037,0.00750627038090244,0.102338626400568,0.070692364083325,-0.0161884518266228,-0.411323882126835,-0.101314489047358,-0.0318989951318139,-0.131987461868073,0.0205761206577143,0.0616469401036126,0.00683372312373177,0.0542960717608539,-0.0132140888769831,0.0588274241218399,-0.191192288012574
R_parsopercularis_grayavg,-0.0151858685107846,-0.206300854107096,-0.075009430329983,0.075239279592244,-0.122596042843028,0.114470143777228,-0.207765251261926,-0.0997430558594087,-0.129734891226789,-0.24429462274843,0.0892426655521076,-0.0117585520276722,0.0514519377486341,0.156413206099604,-0.0597373837343819,-0.0976660125192969,0.104134591028389,-0.0789654777684084,-0.0747720185563904,0.0131050998212153,-0.0743807609780959,0.173513203528425,0.107862557701074,-0.0950531530352189,-0.0917287101635699,-0.0436579920744685,-0.278919109201119,0.0612932612778347,-0.166188333535901,0.139314860639947,-0.116081017377801,-0.195133345789663,-0.0937890903806121,-0.269014902236181,-0.169862055658761,-0.192071485766514,-0.152228136121387,0.147058891547542,-0.241713329827611,-0.014350072011824,-0.193669657807923,0.0265636963574787,-0.0785124552635549,-0.197392138515708,0.000945424778158399,0.0414398744746509,0.06266249692764,0.13243563645909,0.0364526920253598,-0.23594309684201,0.136386705033016,-0.00596695681361037,NaN,0.123324273149809,0.114250690940849,0.200868860848389,0.133938880985331,-0.248688620825757,-0.105633888070176,0.0267758245330611,-0.298025703253918,0.0704177795094626,-0.103947062767135,0.092464451267861,-0.216153945688212,-0.0387787951752154,-0.10847979946493,0.0113679291002259
R_parsorbitalis_grayavg,-0.0733908564434578,-0.140221580221312,0.103927270310268,0.0617223731269676,-0.0318892631054224,0.0996335593672163,-0.0370320751344378,0.0579746856824169,-0.081800575660147,-0.196777576912346,0.109302137075382,0.0787430117202995,0.140674389789545,0.261407183237975,0.113439267602118,-0.0649885397751534,0.178733247976558,-0.0912026228558297,-0.0797868697584089,-0.0158207203916682,0.0599510998538147,0.179933409575431,0.0732966409798601,-0.12201371543684,-0.00563975013661325,0.155119257375207,-0.27714396569221,0.142880331928062,0.0812037275532892,0.144380563000622,-0.0374831224121735,0.132877709988543,-0.0878172161996598,-0.188015697571727,-0.0430833528297074,-0.0529286539614949,-0.053069523242715,0.176903481004569,-0.107258675345121,0.00205522640553773,-0.144480088026847,0.0410254799648136,0.144646441405528,-0.0429539616413393,0.109975362023122,0.109438167695457,0.0894575325071763,0.201234777021143,0.250630154612975,-0.202508885644762,0.157612075503174,0.00750627038090244,0.123324273149809,NaN,0.159036249703937,0.191943126987187,0.0931033564194122,-0.264927202802771,-0.0193298189412611,0.205723870933557,-0.226625673509142,0.139486538463114,0.0875011896931398,0.10077368021489,-0.134125737574495,0.0775029941911574,-0.0295095466856042,-0.00351375929347573
R_parstriangularis_grayavg,-0.139211921064706,-0.209099351970406,-0.055306830588986,-0.0023331815302352,-0.060177454228709,0.113499112838623,-0.207951787071049,-0.163834715819656,-0.112662452436319,-0.168125694276116,0.0842503838320918,-0.114028486276047,0.0234575693865073,0.129250296545949,-0.0221216133964348,-0.0310295136616745,0.099927922210175,0.0428452745964312,-0.00537595070415153,-0.0481426224790376,-0.132966955556512,0.13131483966486,0.00415480820295363,-0.101809403025449,0.0371111748178276,-0.0697681297597346,-0.272370299870142,-0.103552750384603,0.0817953457014866,-0.0462690557913261,0.049000804978866,0.021590484952833,-0.0269852178108245,-0.297768572124923,-0.0383731004422548,-0.151414165804875,-0.121598321444561,0.0608599943173941,-0.103736705293791,0.0704384470988974,-0.181215818805927,-0.141543232395697,0.00810770445027953,-0.122856486431141,-0.0184483733395014,-0.0654308805695935,-0.00168779461573225,0.0470839517192547,0.0262936229882924,-0.0668800954529363,0.101957784353598,0.102338626400568,0.114250690940849,0.159036249703937,NaN,0.143056181956585,0.0599225868825854,-0.275145359608814,-0.0226493568366983,-0.136253393508755,-0.253531348731675,-0.0281938431306419,0.0831812449799691,-0.103362229775466,0.050629714849332,-0.171134315144575,0.0552721821451771,0.00438106961790805
R_pericalcarine_grayavg,0.13184553338098,0.0831471465393433,0.311964864290174,0.163767367125823,-0.0410032352671686,0.082101674747894,0.0747437395758333,0.277008684695558,0.106917195796488,-0.169169302038524,-0.011685257341548,0.193675921122491,0.0950464855645364,0.154625921917251,0.0709634237751676,0.150535178713711,0.120969906496054,0.0673528316918338,0.272646993063093,0.164815720508236,0.20685462173898,-0.0882007671181786,0.140365235799091,0.10838408913122,0.18480781653343,0.298221404133465,-0.0842396094857236,0.291259387564308,0.250171131078369,0.214649858302812,0.146180797172162,0.233796880637459,0.0507879529462669,0.21646785796793,0.115844067409237,0.182104196982858,0.182831996530228,0.126405932360126,0.0666491573429409,0.0592757918203864,0.0806792534597061,0.251086150676351,0.143265295615869,0.0189541456928449,-0.00604725873363691,0.158277644090583,0.0418563921056201,0.143359909950994,0.0230621931131349,0.200800655483072,0.171818499242995,0.070692364083325,0.200868860848389,0.191943126987187,0.143056181956585,NaN,0.134819097166014,0.111316961047996,0.188377462168948,0.185101439577271,0.0169484219428613,0.264713016821682,0.232814345764461,0.245096686268196,0.123616759061224,0.264579324505454,0.10851300808242,0.124312514014992
R_postcentral_grayavg,-0.01707199898279,-0.0714246694864973,0.229462196682219,0.0367830916372805,-0.0602640969947959,-0.0211261626491379,-0.110958210235922,0.142679730791427,-0.0533466375584023,-0.211302121680588,-0.028943087716186,0.0856076391975295,0.0140368063747452,0.0123513993850257,0.0098541469924979,-0.0188732606898628,0.0905500355625699,0.000149873430102057,0.200769031639392,0.027205671850949,0.0431677327166458,0.0360682538340071,-0.134470625961913,-0.0796043483161429,0.140256280793185,0.232312074467911,-0.276920236172943,0.172171610646289,0.21308254363676,0.181242161853398,0.138069814753855,0.216664066038951,0.0547562722204354,0.0246808108943908,0.0610586824799923,0.00816247170785163,0.107444755209454,0.0114820495369196,-0.00438075890630992,0.0299053995614808,-0.0486211981553063,0.144145277420333,0.0840015345547138,0.0220052632318505,-0.0690690147341966,-0.024641076189061,-0.0545254225755982,0.0435460199350455,-0.0421693278259009,0.0547474881148493,0.0478019171266699,-0.0161884518266228,0.133938880985331,0.0931033564194122,0.0599225868825854,0.134819097166014,NaN,-0.158385133846732,0.128328392773538,0.199476835322915,-0.15877639987045,0.126899430689232,0.176018850882831,0.155298912228555,0.0952779017015664,0.26326387592592,0.078438147326047,0.0615175027696871
R_posteriorcingulate_grayavg,-0.239843630928221,-0.150374198240019,-0.2902398873876,-0.205026710095881,-0.347894153705683,-0.115432051660683,-0.307625270210238,-0.334505283309867,-0.434572100409392,-0.135058427898827,-0.210098323955992,-0.371033158617459,-0.28890021544041,-0.100226620926728,-0.32271518627497,-0.278408946066195,-0.337651467612006,-0.346870892261717,-0.276903181542469,-0.306311950509343,-0.340732781050087,0.0661753515501077,-0.22877252117402,-0.155184697115047,-0.428548279632618,-0.353088281986979,-0.369433974915922,-0.295041939972824,-0.305194238140383,-0.172669623833753,-0.420430745403152,-0.368029980268872,-0.217497653710689,-0.392324359407582,-0.264705728585921,0.0436682060696182,-0.270574753577059,-0.118459366117851,-0.350479019614428,-0.208000783238511,-0.322935714551985,-0.380963207448674,-0.362213751216972,-0.0398728667345324,-0.0933285200932709,-0.26764287127325,-0.237227916279863,-0.262079494998559,-0.349162931514673,-0.250928971880329,-0.27226400727241,-0.411323882126835,-0.248688620825757,-0.264927202802771,-0.275145359608814,0.111316961047996,-0.158385133846732,NaN,-0.435536771228842,-0.295768908886572,-0.132804998840531,-0.350896008873931,-0.326631125472416,-0.150036741312247,-0.361311607386508,-0.297865014171234,-0.124540334709187,-0.232948624435005
R_precentral_grayavg,-0.253810085395252,-0.401526621244379,-0.0546174925925131,0.104234600323731,-0.134414922557297,0.0859202643939115,-0.329434224737667,-0.192211377585992,-0.176505976223462,-0.166699767787316,0.0432438968999207,0.0229067919207661,-0.131762121799214,0.142426588781885,-0.104989292780441,-0.208341445445364,0.148652638276932,-0.123387973353049,-0.0146059612406447,-0.0906527257369724,-0.11092747657447,0.132567264460017,0.121209032863745,-0.188219273109531,-0.11592125096147,-0.0011445300919585,-0.401579874165759,0.00149492973661324,-0.0651239155385839,0.157763565927823,-0.188557682836188,-0.105083920432727,-0.0282695418579255,-0.309482048328292,-0.124105673210217,-0.27510269041089,-0.209051196038289,0.158784985045732,-0.213729479828507,0.0438643712361992,-0.243518124161277,-0.125067431968459,-0.130096719661801,-0.162547045205194,-0.0714645516786001,-0.0120399371931993,-0.0362973590520512,0.117005637304117,-0.0142811485047377,-0.208211909108892,0.00195453648576861,-0.101314489047358,-0.105633888070176,-0.0193298189412611,-0.0226493568366983,0.188377462168948,0.128328392773538,-0.435536771228842,NaN,0.0455888626619987,-0.355038781937864,0.0234593348143433,-0.171782917998498,0.0699188881228056,-0.120106643781039,-0.0973305539537978,0.0143740378043974,-0.0117809511706241
R_precuneus_grayavg,-0.157829103565646,-0.20059802042608,0.0282467518018334,0.0762250894060685,-0.113061309220193,0.166197439900113,-0.234443855496723,-0.17112868089777,-0.107992536950558,-0.234526562224319,0.111218072409421,-0.0349591952783561,0.0325585643356434,0.186129944577521,-0.0758767185033629,-0.131948052094652,0.0894198068549458,-0.051777134626437,0.108688952837665,-0.0301084274224586,-0.172698679554004,0.148761910328598,0.101075826795597,-0.146013002552852,0.0820146643884989,-0.0460151123650232,-0.334871157790304,-0.132002244545362,0.163145148843842,-0.0164924825327523,-0.0400740106973153,-0.00379118484864104,0.00805732778071666,-0.241714091380049,-0.124829694888233,-0.00552240800569071,-0.0598715879465493,0.137847563471068,-0.116424118074467,0.0864310914558204,-0.0984286164901088,-0.152935595286637,-0.00839075456198565,-0.115710181767372,0.043904911061994,-0.0957548476715605,0.0034767619168099,0.0661640315961885,0.00775172451382208,-0.041278124642046,0.0787098045124684,-0.0318989951318139,0.0267758245330611,0.205723870933557,-0.136253393508755,0.185101439577271,0.199476835322915,-0.295768908886572,0.0455888626619987,NaN,-0.183649204687053,-0.107502080149409,0.154134801396863,-0.0585755450504222,-0.0343850324427119,-0.0169731431647081,0.0545702064949275,-0.0187625389730199
R_rostralanteriorcingulate_grayavg,-0.243500206551475,-0.0413148252967877,-0.319338377553659,-0.138909544677382,-0.231059206485937,-0.0736294391982488,-0.126556708392472,-0.274296616151936,-0.197846169675615,-0.0561548568713751,-0.0244859773184059,-0.247586730127866,-0.215176772128043,-0.0687660339639513,-0.191068962701378,-0.227857812790003,-0.249850026886827,-0.206912729365615,-0.274708021659379,-0.164586498737017,-0.31991224396517,-0.00974705098862561,-0.231309382334442,-0.0551645832061929,-0.367251863387542,-0.24324244302188,-0.247352929071303,-0.229205167605571,-0.354100338272842,-0.14961397868539,-0.3460032736473,-0.374427179531233,-0.044341569398366,-0.511515292177444,-0.381620299232372,-0.0883759707086639,-0.340327863633898,-0.074736126520674,-0.359194430792937,-0.0616427179132181,-0.239454585639341,-0.299703087999114,-0.241754593611662,0.0187055862780206,-0.0992530135265914,-0.190104211936701,-0.167471842005222,-0.110358383974758,-0.157156934154065,-0.237649737024385,-0.163651279571293,-0.131987461868073,-0.298025703253918,-0.226625673509142,-0.253531348731675,0.0169484219428613,-0.15877639987045,-0.132804998840531,-0.355038781937864,-0.183649204687053,NaN,-0.260334735500579,-0.381082592379384,-0.159983210642801,-0.34524324859622,-0.343819897744204,0.00364921234441309,-0.303648896818621
R_rostralmiddlefrontal_grayavg,-0.14939356200791,-0.280412378366472,0.0680108439110397,0.0331244041056879,-0.115735606491553,0.107936894336772,-0.153348699471942,-0.10503980111248,-0.161008662018604,-0.101920107985857,0.0991276045817435,-0.0533052734684656,0.0606889725998784,0.148887272893068,-0.155629497899582,-0.195875986593639,0.0924782256954951,0.0448377241087104,0.166556881579786,-0.144886885482936,-0.0698979056749784,0.245996487226659,0.161274579585122,-0.167914498759278,0.0369337356582465,0.0131067096803192,-0.348946833580258,-0.247476595646396,0.116957429310714,0.0298813512810553,-0.106051591640301,0.0406361394463218,-0.00155948228053247,-0.176889946218093,-0.0161296970907945,-0.141710467079882,-0.0165610805309899,0.110544758343336,-0.125043800591586,-0.0241337452556599,-0.190029136407197,-0.133601226647359,-0.0784343216736324,0.000598670856234639,-0.0468181474697066,-0.102245564753423,0.0150909527622894,0.0109823298710261,-0.14638678937997,-0.0794074256486112,-0.00759686320712469,0.0205761206577143,0.0704177795094626,0.139486538463114,-0.0281938431306419,0.264713016821682,0.126899430689232,-0.350896008873931,0.0234593348143433,-0.107502080149409,-0.260334735500579,NaN,0.088842599683347,-0.0113301866935945,-0.0374568446128362,0.0783552876189216,-0.00688246643582975,0.0369046575359841
R_superiorfrontal_grayavg,-0.201060517187023,-0.308363826425767,-0.0609142941969352,0.100783486918403,-0.153963149794493,0.0890672740190523,-0.0753371929337658,-0.0803013774988561,-0.114070188455949,-0.1715920650669,0.110126475393512,0.0870062300528183,0.0339230003429214,0.254018046496677,-0.0274115680981257,-0.171517963735506,0.127973968121699,-0.0395396038957192,-0.225824904194422,-0.125767064045961,-0.146736770367511,0.228088622113601,0.151188816648829,-0.100259408141047,-0.0826636917970121,0.0184235487445113,-0.39093467095739,0.0574880079400997,-0.173011257420964,0.151333384423653,-0.198657648767351,-0.157737760246382,-0.0170460769674267,-0.230390854186462,-0.200740477381791,-0.282656686147255,-0.21291004839632,0.191175715720299,-0.217478010652025,0.133427267931128,-0.124869460221277,0.0178152790271196,-0.0193945555888862,-0.140380781811151,0.0274629948686395,0.111537930030256,0.10268879570793,0.18086653300393,0.0880854976776579,-0.261985763621343,0.113925031977108,0.0616469401036126,-0.103947062767135,0.0875011896931398,0.0831812449799691,0.232814345764461,0.176018850882831,-0.326631125472416,-0.171782917998498,0.154134801396863,-0.381082592379384,0.088842599683347,NaN,0.0940601895551859,-0.268311637960911,-0.0604619918187154,0.0191999773162141,-0.0411227747137703
R_superiorparietal_grayavg,-0.0761641076202393,-0.110483585765459,0.113072917674686,-0.00136691324883381,-0.0657689054678803,-0.0580833746624732,-0.130425937130769,-0.00363380547944527,-0.0447864991619437,-0.100022663359028,0.0346270332127517,-0.0217443497037058,0.0257607891138458,0.129748868657471,-0.0884349228457951,-0.0835906660002441,0.0409342087816807,-0.0302232876110882,0.0978344127614776,-0.12943280335867,-0.0896549259859847,0.160864037753798,0.135230134772225,-0.0318057554485652,0.0909065194075504,0.117212911787283,-0.266234242655461,-0.058431803616741,0.146491351961271,-0.137616477370987,0.0479469503533496,0.114528434491069,-0.00758209994442718,0.107059386488783,0.0410082122326114,0.0182841580953604,0.0604884949116275,0.0662123258350775,-0.00516142155451893,-0.0628277235732272,-0.0740164284514751,-0.0447420886115996,0.0530346682575781,0.0593692613852746,-0.0117543536365726,-0.158287069805231,-0.00574362761130365,0.124047489198972,-0.0693058338734274,0.0010330628324158,-0.0228353016250514,0.00683372312373177,0.092464451267861,0.10077368021489,-0.103362229775466,0.245096686268196,0.155298912228555,-0.150036741312247,0.0699188881228056,-0.0585755450504222,-0.159983210642801,-0.0113301866935945,0.0940601895551859,NaN,0.0651598485100453,0.15401121684054,0.0159394676208762,0.150805805370446
R_superiortemporal_grayavg,-0.190168421360011,-0.237840496169661,-0.0699876548907922,0.000877416123645609,-0.175635392023097,0.077513194002633,-0.171654127672862,-0.0749860233321984,-0.242358878945099,-0.226671301962984,-0.0200910678887711,-0.0449900200374065,-0.0842157645389232,0.104665049495048,-0.0860212711719311,-0.197876022012511,0.0675381816156283,-0.108756474773403,-0.190919945472785,-0.0897710755481064,-0.103923138778704,0.105049175578983,0.0557390360452841,-0.156979136587282,-0.0637956535187267,-0.158678862398806,-0.394423662225101,-0.0468573617104831,-0.183401846061552,0.12062642267019,-0.0520296305006846,-0.270445457557942,-0.0486028629316981,-0.357883761248932,-0.226795983992321,-0.320949574846318,-0.217812176203253,0.104175653977029,-0.281134625949274,0.0789260942435863,-0.186595838563877,-0.0103442094745854,-0.207530353104927,-0.271014374628718,-0.0668929773279504,-0.0170207070943629,-0.0656260687536822,0.0701306518285297,-0.0330159066502964,-0.369403627473252,0.131407530716926,0.0542960717608539,-0.216153945688212,-0.134125737574495,0.050629714849332,0.123616759061224,0.0952779017015664,-0.361311607386508,-0.120106643781039,-0.0343850324427119,-0.34524324859622,-0.0374568446128362,-0.268311637960911,0.0651598485100453,NaN,-0.139128863122463,0.0193133178753517,-0.131202287927188
R_supramarginal_grayavg,-0.220144510839772,-0.182006496530637,-0.0328190155746522,0.182843190388884,-0.125868747291847,0.119917043223941,-0.250251792473878,-0.111356236230624,-0.234778286536347,-0.212183532044953,0.149392898719851,0.0848225388391431,-0.0232326782175205,0.269800593196281,-0.0354720524597155,-0.31452305158895,0.163560699621309,-0.0572695913069506,-0.084710187520817,-0.171283090840638,-0.203975306537298,0.262382148246027,0.184898296632293,-0.0775440783775079,-0.0694110043129581,-0.0584475356880954,-0.400901403642578,0.00300614166576488,0.0231247015970133,0.197781021989221,-0.183457037145311,0.0446724223824109,-0.103506266336904,-0.222576124826457,-0.122390159614014,-0.167508030322796,-0.0570782635998446,0.280226531326177,-0.153259847445233,-0.00437762512958746,-0.27163377023954,0.0127435990152904,-0.060574815032029,-0.106553756297645,0.0350972177769594,0.133650982014114,-0.0776096476936006,0.202251723136615,-0.0448554590290972,-0.234276771933894,0.0872048562390514,-0.0132140888769831,-0.0387787951752154,0.0775029941911574,-0.171134315144575,0.264579324505454,0.26326387592592,-0.297865014171234,-0.0973305539537978,-0.0169731431647081,-0.343819897744204,0.0783552876189216,-0.0604619918187154,0.15401121684054,-0.139128863122463,NaN,-0.057615133345025,0.0417219365374308
R_temporalpole_grayavg,-0.0522823121343527,-0.0200222861102169,-0.0245547352635267,0.00862535154359318,0.16935331429275,0.0227609181654428,-0.0127002487862442,0.0255856259154615,-0.0962866181023129,-0.0842395926049129,0.0134558062760435,-0.0062914789316316,0.0823710512552645,0.111153178955752,0.140047307703666,-0.0755719517576741,0.11216042758606,-0.0233852377538803,-0.130022013098415,-0.00388919348370481,0.00660128176329169,0.094637136644749,0.0411269323722484,-0.086441082559858,-3.61046445995561e-05,0.0029830508149166,-0.012069843855621,0.0213995721242404,0.0148658795011707,0.048208325106003,-0.00566837202875811,-0.10401015387068,-0.0319982019092744,-0.22005005165367,0.0180649597074513,-0.0557369374269039,-0.072025158769687,0.114595961285393,0.0958541740239267,0.0673761801420332,-0.00199816520316271,-0.00852156370130103,-0.00197964418857215,-0.0107637560471465,0.133237859147478,0.064902923439607,0.0280019379081943,0.12270248856558,0.123165112474425,-0.0202787606099719,0.138711761969388,0.0588274241218399,-0.10847979946493,-0.0295095466856042,0.0552721821451771,0.10851300808242,0.078438147326047,-0.124540334709187,0.0143740378043974,0.0545702064949275,0.00364921234441309,-0.00688246643582975,0.0191999773162141,0.0159394676208762,0.0193133178753517,-0.057615133345025,NaN,-0.1419509489384
R_transversetemporal_grayavg,-0.111350793990988,-0.16240268248211,0.0497340657344544,-0.0156563622081607,-0.193964037725529,-0.0884106117891525,-0.181324944681836,-0.0356023458736456,-0.176937563069432,-0.244502921760273,-0.0634034092594965,-0.0815114018347218,-0.246194033940158,0.0491904575256993,-0.126425884748533,-0.103298472788016,-0.0146120638651298,-0.132165928659553,0.0518858995870039,0.014897541424828,-0.167009587968038,0.138981417985011,0.0980953450624555,-0.0152038370444649,0.00131556800611956,-0.0212397158048147,-0.36931455264213,0.00160258574541598,-0.0251370090512511,0.154448427490579,-0.0671025345018805,-0.038485143769376,-0.109145521812746,0.0079196852014271,-0.171374159957036,-0.224438502924785,0.115477949592797,0.00282969552067567,-0.219382305161556,-0.097647082681302,-0.0942555755617519,-0.0224575407234164,-0.160922311477748,-0.195938836181548,-0.206957854732977,-0.00439802898743901,-0.21576801299949,-0.0228759662819975,-0.259815502284768,-0.165869819389233,0.0782634359963509,-0.191192288012574,0.0113679291002259,-0.00351375929347573,0.00438106961790805,0.124312514014992,0.0615175027696871,-0.232948624435005,-0.0117809511706241,-0.0187625389730199,-0.303648896818621,0.0369046575359841,-0.0411227747137703,0.150805805370446,-0.131202287927188,0.0417219365374308,-0.1419509489384,NaN
